key,scientificName,latitude,longitude,issues,datasetKey,publishingOrgKey,networkKeys,installationKey,publishingCountry,protocol,lastCrawled,lastParsed,crawlId,hostingOrganizationKey,basisOfRecord,occurrenceStatus,taxonKey,kingdomKey,phylumKey,classKey,orderKey,familyKey,genusKey,speciesKey,acceptedTaxonKey,acceptedScientificName,kingdom,phylum,order,family,genus,species,genericName,specificEpithet,taxonRank,taxonomicStatus,iucnRedListCategory,elevation,elevationAccuracy,stateProvince,year,month,day,eventDate,modified,lastInterpreted,license,isInCluster,datasetName,otherCatalogNumbers,recordedBy,preparations,inCluster,geodeticDatum,class,countryCode,country,identifier,recordNumber,nomenclaturalCode,verbatimEventDate,higherGeography,locality,verbatimCoordinateSystem,gbifID,collectionCode,occurrenceID,type,catalogNumber,institutionCode,fieldNotes,startDayOfYear,ownerInstitutionCode,http://unknown.org/CatalogNumberNumeric,verbatimElevation,collectionID,http://unknown.org/LatestDateCollected,coordinateUncertaintyInMeters,identifiedBy,institutionKey,county,source,infraspecificEpithet,collectionKey,municipality,eventRemarks,taxonRemarks,higherClassification,individualCount,continent,institutionID,endDayOfYear,habitat,name
574923625,Pinus tabuliformis Carri猫re,34.126944,103.414167,"gass84,inmano",bf2a4bf0-5f31-11de-b67e-b8a03c50a862,98e934b0-5f31-11de-b67e-b8a03c50a862,,f6fe707e-cced-4efc-b5dc-be4c91b8180a,GB,DWC_ARCHIVE,2022-05-19T02:00:43.123+00:00,2022-05-19T02:26:30.886+00:00,243,98e934b0-5f31-11de-b67e-b8a03c50a862,PRESERVED_SPECIMEN,PRESENT,5285359,6,7707728,194,640,3925,2684241,5285359,5285359,Pinus tabuliformis Carri猫re,Plantae,Tracheophyta,Pinales,Pinaceae,Pinus,Pinus tabuliformis,Pinus,tabuliformis,SPECIES,ACCEPTED,LC,2750,0,Gansu,2000,6,21,2000-06-21T00:00:00,2008-04-23T00:00:00.000+00:00,2022-05-19T02:26:30.886+00:00,http://creativecommons.org/licenses/by-nc/4.0/legalcode,FALSE,Royal Botanic Garden Edinburgh Herbarium,BGBASE:227836,Sino-British Qinghai Alpine Garden Society Expedition,herbarium specimen of unspecified type,FALSE,WGS84,Pinopsida,CN,China,http://data.rbge.org.uk/herb/E00274399,366,ICBN,2000/6/21,Outer China incl. Tibet,Road (valley) from Kaba (km 111) towards Lintan.,degrees minutes seconds,574923625,E,http://data.rbge.org.uk/herb/E00274399,PhysicalObject,E00274399,E,"Evergreen coniferous tree to 15 m. 2-needled. Old cones brown, ovoid, to 4 cm. Young cones green. Open conifer and birch forest.",173,E,274399,2750 M,http://biocol.org/urn:lsid:biocol.org:col:15670,2000/6/21,NA,NA,NA,NA,NA,NA,NA,NA,NA,NA,NA,NA,NA,NA,NA,NA,Pinus tabuliformis Carri猫re
574816580,Pinus tabuliformis Carri猫re,36.855,102.5675,"gass84,inmano",bf2a4bf0-5f31-11de-b67e-b8a03c50a862,98e934b0-5f31-11de-b67e-b8a03c50a862,,f6fe707e-cced-4efc-b5dc-be4c91b8180a,GB,DWC_ARCHIVE,2022-05-19T02:00:43.123+00:00,2022-05-19T02:26:57.389+00:00,243,98e934b0-5f31-11de-b67e-b8a03c50a862,PRESERVED_SPECIMEN,PRESENT,5285359,6,7707728,194,640,3925,2684241,5285359,5285359,Pinus tabuliformis Carri猫re,Plantae,Tracheophyta,Pinales,Pinaceae,Pinus,Pinus tabuliformis,Pinus,tabuliformis,SPECIES,ACCEPTED,LC,2340,0,Qinghai,1997,7,24,1997-07-24T00:00:00,2016-10-19T00:00:00.000+00:00,2022-05-19T02:26:57.389+00:00,http://creativecommons.org/licenses/by-nc/4.0/legalcode,FALSE,Royal Botanic Garden Edinburgh Herbarium,BGBASE:83089,Sino-British Qinghai Expedition 1997,fruit collection/cone collection (unmounted) (carpological collection),FALSE,WGS84,Pinopsida,CN,China,http://data.rbge.org.uk/herb/E00146302,1166,ICBN,1997/7/24,Outer China incl. Tibet,"Zhalonggou village, Zhalonggou Valley.",degrees minutes seconds,574816580,E,http://data.rbge.org.uk/herb/E00146302,PhysicalObject,E00146302,E,"Tree to 10 m. _Picea_ forest, on steep hillside.",205,E,146302,2340 M,http://biocol.org/urn:lsid:biocol.org:col:15670,1997/7/24,NA,NA,NA,NA,NA,NA,NA,NA,NA,NA,NA,NA,NA,NA,NA,NA,Pinus tabuliformis Carri猫re
615371202,Pinus tabuliformis Carri猫re,29.7,98.38,"gass84,inmano",82a53efc-f762-11e1-a439-00145eb45e9a,dc3f994e-bd32-4714-8d88-6fb895fb48cc,,6041076a-f762-11e1-a439-00145eb45e9a,CH,BIOCASE,2022-04-23T03:18:23.240+00:00,2022-04-26T10:22:34.546+00:00,157,dc3f994e-bd32-4714-8d88-6fb895fb48cc,PRESERVED_SPECIMEN,PRESENT,5285359,6,7707728,194,640,3925,2684241,5285359,5285359,Pinus tabuliformis Carri猫re,Plantae,Tracheophyta,Pinales,Pinaceae,Pinus,Pinus tabuliformis,Pinus,tabuliformis,SPECIES,ACCEPTED,LC,3200,NA,NA,1994,7,4,1994-07-04T00:00:00,NA,2022-04-26T10:22:34.546+00:00,http://creativecommons.org/licenses/by-nc/4.0/legalcode,FALSE,NA,NA,A.Br盲uning,NA,FALSE,WGS84,Pinopsida,CN,China,NA,NA,NA,NA,NA,Mekong Vy.; E Tibet/Xizang Zizhiqu,NA,615371202,The Himalayan Uplands Plant database (HUP Version 1),NA,NA,GMBA-HUP-172912,GMBA,NA,NA,NA,NA,NA,NA,NA,50000,NA,NA,NA,NA,NA,NA,NA,NA,NA,NA,NA,NA,NA,NA,NA,Pinus tabuliformis Carri猫re
615371141,Pinus tabuliformis Carri猫re,31.67,102.78,"gass84,inmano",82a53efc-f762-11e1-a439-00145eb45e9a,dc3f994e-bd32-4714-8d88-6fb895fb48cc,,6041076a-f762-11e1-a439-00145eb45e9a,CH,BIOCASE,2022-04-23T03:18:23.240+00:00,2022-04-26T10:22:36.251+00:00,157,dc3f994e-bd32-4714-8d88-6fb895fb48cc,PRESERVED_SPECIMEN,PRESENT,5285359,6,7707728,194,640,3925,2684241,5285359,5285359,Pinus tabuliformis Carri猫re,Plantae,Tracheophyta,Pinales,Pinaceae,Pinus,Pinus tabuliformis,Pinus,tabuliformis,SPECIES,ACCEPTED,LC,2850,NA,NA,1994,10,7,1994-10-07T00:00:00,NA,2022-04-26T10:22:36.251+00:00,http://creativecommons.org/licenses/by-nc/4.0/legalcode,FALSE,NA,NA,G.&S.Miehe & U.W眉ndisch (Coll. Miehe),NA,FALSE,WGS84,Pinopsida,CN,China,NA,NA,NA,NA,NA,"Barkam - Li Xian; NW , Chengdu/Sichuan Sheng",NA,615371141,The Himalayan Uplands Plant database (HUP Version 1),NA,NA,GMBA-HUP-139294,GMBA,NA,NA,NA,NA,NA,NA,NA,10000,A. Farjon (1998-10),NA,NA,NA,NA,NA,NA,NA,NA,NA,NA,NA,NA,NA,NA,Pinus tabuliformis Carri猫re
615371144,Pinus tabuliformis Carri猫re,31.87,102.05,"gass84,inmano",82a53efc-f762-11e1-a439-00145eb45e9a,dc3f994e-bd32-4714-8d88-6fb895fb48cc,,6041076a-f762-11e1-a439-00145eb45e9a,CH,BIOCASE,2022-04-23T03:18:23.240+00:00,2022-04-26T10:22:34.486+00:00,157,dc3f994e-bd32-4714-8d88-6fb895fb48cc,PRESERVED_SPECIMEN,PRESENT,5285359,6,7707728,194,640,3925,2684241,5285359,5285359,Pinus tabuliformis Carri猫re,Plantae,Tracheophyta,Pinales,Pinaceae,Pinus,Pinus tabuliformis,Pinus,tabuliformis,SPECIES,ACCEPTED,LC,2500,NA,NA,1994,10,2,1994-10-02T00:00:00,NA,2022-04-26T10:22:34.486+00:00,http://creativecommons.org/licenses/by-nc/4.0/legalcode,FALSE,NA,NA,G.&S.Miehe & U.W眉ndisch (Coll. Miehe),NA,FALSE,WGS84,Pinopsida,CN,China,NA,NA,NA,NA,NA,"Gana - Barkam; NW , Dadu He/Sichuan Sheng",NA,615371144,The Himalayan Uplands Plant database (HUP Version 1),NA,NA,GMBA-HUP-138733,GMBA,NA,NA,NA,NA,NA,NA,NA,10000,A. Farjon (1998-10),NA,NA,NA,NA,NA,NA,NA,NA,NA,NA,NA,NA,NA,NA,Pinus tabuliformis Carri猫re
2417559371,Pinus tabuliformis Carri猫re,35.36,103.7,"gass84,colmano,inmafu",3942a8dc-9f01-420d-a829-01675dc01c73,a2fa5b68-3ebf-4845-abc5-f456d251386f,,26706e39-4208-42b6-9d12-2b60b0acf1a3,CN,DWC_ARCHIVE,2022-04-24T22:52:20.107+00:00,2022-04-27T07:34:08.761+00:00,4,a2fa5b68-3ebf-4845-abc5-f456d251386f,PRESERVED_SPECIMEN,PRESENT,5285359,6,7707728,194,640,3925,2684241,5285359,5285359,Pinus tabuliformis Carri猫re,Plantae,Tracheophyta,Pinales,Pinaceae,Pinus,Pinus tabuliformis,Pinus,tabuliformis,SPECIES,ACCEPTED,LC,NA,NA,鐢樿們,1994,NA,NA,1994-01-01T00:00:00,NA,2022-04-27T07:34:08.761+00:00,http://creativecommons.org/licenses/by/4.0/legalcode,FALSE,NA,NA,鐜嬩竴宄扮瓑,NA,FALSE,WGS84,Pinopsida,CN,China,6617793,NA,NA,NA,NA,NA,NA,2417559371,NA,6617793,NA,58101,PE,NA,NA,NA,NA,NA,NA,NA,NA,NA,ac8eb8fc-0703-4408-8388-686764b75877,搴蜂箰鍘?http://www.nsii.org.cn/2017/specimen.php?id=6617793,NA,NA,NA,NA,NA,NA,NA,NA,NA,NA,NA,Pinus tabuliformis Carri猫re,
2417741273,Pinus tabuliformis Carri猫re,30.91,102.54,"gass84,colmano,inmafu",3942a8dc-9f01-420d-a829-01675dc01c73,a2fa5b68-3ebf-4845-abc5-f456d251386f,,26706e39-4208-42b6-9d12-2b60b0acf1a3,CN,DWC_ARCHIVE,2022-04-24T22:52:20.107+00:00,2022-04-27T07:34:06.774+00:00,4,a2fa5b68-3ebf-4845-abc5-f456d251386f,PRESERVED_SPECIMEN,PRESENT,5285359,6,7707728,194,640,3925,2684241,5285359,5285359,Pinus tabuliformis Carri猫re,Plantae,Tracheophyta,Pinales,Pinaceae,Pinus,Pinus tabuliformis,Pinus,tabuliformis,SPECIES,ACCEPTED,LC,NA,NA,鍥涘窛,1989,NA,NA,1989-01-01T00:00:00,NA,2022-04-27T07:34:06.774+00:00,http://creativecommons.org/licenses/by/4.0/legalcode,FALSE,NA,NA,璧垫竻鐩?NA,FALSE,WGS84,Pinopsida,CN,China,6647083,NA,NA,NA,NA,NA,NA,2417741273,NA,6647083,NA,28054,PE,NA,NA,NA,NA,NA,NA,NA,NA,NA,ac8eb8fc-0703-4408-8388-686764b75877,鐞嗗幙,http://www.nsii.org.cn/2017/specimen.php?id=6647083,NA,NA,NA,NA,NA,NA,NA,NA,NA,NA,NA,Pinus tabuliformis Carri猫re,
2417742489,Pinus tabuliformis Carri猫re,30.91,102.54,"gass84,colmano,inmafu",3942a8dc-9f01-420d-a829-01675dc01c73,a2fa5b68-3ebf-4845-abc5-f456d251386f,,26706e39-4208-42b6-9d12-2b60b0acf1a3,CN,DWC_ARCHIVE,2022-04-24T22:52:20.107+00:00,2022-04-27T07:34:09.434+00:00,4,a2fa5b68-3ebf-4845-abc5-f456d251386f,PRESERVED_SPECIMEN,PRESENT,5285359,6,7707728,194,640,3925,2684241,5285359,5285359,Pinus tabuliformis Carri猫re,Plantae,Tracheophyta,Pinales,Pinaceae,Pinus,Pinus tabuliformis,Pinus,tabuliformis,SPECIES,ACCEPTED,LC,NA,NA,鍥涘窛,1989,NA,NA,1989-01-01T00:00:00,NA,2022-04-27T07:34:09.434+00:00,http://creativecommons.org/licenses/by/4.0/legalcode,FALSE,NA,NA,璧垫竻鐩?NA,FALSE,WGS84,Pinopsida,CN,China,6647082,NA,NA,NA,NA,NA,NA,2417742489,NA,6647082,NA,28055,PE,NA,NA,NA,NA,NA,NA,NA,NA,NA,ac8eb8fc-0703-4408-8388-686764b75877,鐞嗗幙,http://www.nsii.org.cn/2017/specimen.php?id=6647082,NA,NA,NA,NA,NA,NA,NA,NA,NA,NA,NA,Pinus tabuliformis Carri猫re,
2417288765,Pinus tabuliformis Carri猫re,33.26,104.23,"gass84,colmano,inmafu",3942a8dc-9f01-420d-a829-01675dc01c73,a2fa5b68-3ebf-4845-abc5-f456d251386f,,26706e39-4208-42b6-9d12-2b60b0acf1a3,CN,DWC_ARCHIVE,2022-04-24T22:52:20.107+00:00,2022-04-27T07:34:03.790+00:00,4,a2fa5b68-3ebf-4845-abc5-f456d251386f,PRESERVED_SPECIMEN,PRESENT,5285359,6,7707728,194,640,3925,2684241,5285359,5285359,Pinus tabuliformis Carri猫re,Plantae,Tracheophyta,Pinales,Pinaceae,Pinus,Pinus tabuliformis,Pinus,tabuliformis,SPECIES,ACCEPTED,LC,NA,NA,鍥涘窛,1982,NA,NA,1982-01-01T00:00:00,NA,2022-04-27T07:34:03.790+00:00,http://creativecommons.org/licenses/by/4.0/legalcode,FALSE,NA,NA,鏉庢枃鍗庣瓑,NA,FALSE,WGS84,Pinopsida,CN,China,5711561,NA,NA,NA,NA,NA,NA,2417288765,NA,5711561,NA,982777,PE,NA,NA,NA,NA,NA,NA,NA,NA,NA,ac8eb8fc-0703-4408-8388-686764b75877,涔濆娌熷幙,http://www.nsii.org.cn/2017/specimen.php?id=5711561,NA,NA,NA,NA,NA,NA,NA,NA,NA,NA,NA,Pinus tabuliformis Carri猫re
2417289739,Pinus tabuliformis Carri猫re,33.26,104.23,"gass84,colmano,inmafu",3942a8dc-9f01-420d-a829-01675dc01c73,a2fa5b68-3ebf-4845-abc5-f456d251386f,,26706e39-4208-42b6-9d12-2b60b0acf1a3,CN,DWC_ARCHIVE,2022-04-24T22:52:20.107+00:00,2022-04-27T07:34:07.458+00:00,4,a2fa5b68-3ebf-4845-abc5-f456d251386f,PRESERVED_SPECIMEN,PRESENT,5285359,6,7707728,194,640,3925,2684241,5285359,5285359,Pinus tabuliformis Carri猫re,Plantae,Tracheophyta,Pinales,Pinaceae,Pinus,Pinus tabuliformis,Pinus,tabuliformis,SPECIES,ACCEPTED,LC,NA,NA,鍥涘窛,1982,NA,NA,1982-01-01T00:00:00,NA,2022-04-27T07:34:07.458+00:00,http://creativecommons.org/licenses/by/4.0/legalcode,FALSE,NA,NA,鏉庢枃鍗庣瓑,NA,FALSE,WGS84,Pinopsida,CN,China,5711679,NA,NA,NA,NA,NA,NA,2417289739,NA,5711679,NA,982689,PE,NA,NA,NA,NA,NA,NA,NA,NA,NA,ac8eb8fc-0703-4408-8388-686764b75877,涔濆娌熷幙,http://www.nsii.org.cn/2017/specimen.php?id=5711679,NA,NA,NA,NA,NA,NA,NA,NA,NA,NA,NA,Pinus tabuliformis Carri猫re
2417483354,Pinus tabuliformis Carri猫re,30.36,102.81,"gass84,colmano,inmafu",3942a8dc-9f01-420d-a829-01675dc01c73,a2fa5b68-3ebf-4845-abc5-f456d251386f,,26706e39-4208-42b6-9d12-2b60b0acf1a3,CN,DWC_ARCHIVE,2022-04-24T22:52:20.107+00:00,2022-04-27T07:34:05.458+00:00,4,a2fa5b68-3ebf-4845-abc5-f456d251386f,PRESERVED_SPECIMEN,PRESENT,5285359,6,7707728,194,640,3925,2684241,5285359,5285359,Pinus tabuliformis Carri猫re,Plantae,Tracheophyta,Pinales,Pinaceae,Pinus,Pinus tabuliformis,Pinus,tabuliformis,SPECIES,ACCEPTED,LC,NA,NA,鍥涘窛,1982,NA,NA,1982-01-01T00:00:00,NA,2022-04-27T07:34:05.458+00:00,http://creativecommons.org/licenses/by/4.0/legalcode,FALSE,NA,NA,绋嬪瓙鐧?NA,FALSE,WGS84,Pinopsida,CN,China,6678724,NA,NA,NA,NA,NA,NA,2417483354,NA,6678724,NA,1546382,PE,NA,NA,NA,NA,NA,NA,NA,NA,NA,ac8eb8fc-0703-4408-8388-686764b75877,瀹濆叴鍘?http://www.nsii.org.cn/2017/specimen.php?id=6678724,NA,NA,NA,NA,NA,NA,NA,NA,NA,NA,NA,Pinus tabuliformis Carri猫re,,
2417485056,Pinus tabuliformis Carri猫re,30.36,102.81,"gass84,colmano,inmafu",3942a8dc-9f01-420d-a829-01675dc01c73,a2fa5b68-3ebf-4845-abc5-f456d251386f,,26706e39-4208-42b6-9d12-2b60b0acf1a3,CN,DWC_ARCHIVE,2022-04-24T22:52:20.107+00:00,2022-04-27T07:34:05.372+00:00,4,a2fa5b68-3ebf-4845-abc5-f456d251386f,PRESERVED_SPECIMEN,PRESENT,5285359,6,7707728,194,640,3925,2684241,5285359,5285359,Pinus tabuliformis Carri猫re,Plantae,Tracheophyta,Pinales,Pinaceae,Pinus,Pinus tabuliformis,Pinus,tabuliformis,SPECIES,ACCEPTED,LC,NA,NA,鍥涘窛,1982,NA,NA,1982-01-01T00:00:00,NA,2022-04-27T07:34:05.372+00:00,http://creativecommons.org/licenses/by/4.0/legalcode,FALSE,NA,NA,绋嬪瓙鐧?NA,FALSE,WGS84,Pinopsida,CN,China,6678725,NA,NA,NA,NA,NA,NA,2417485056,NA,6678725,NA,1546381,PE,NA,NA,NA,NA,NA,NA,NA,NA,NA,ac8eb8fc-0703-4408-8388-686764b75877,瀹濆叴鍘?http://www.nsii.org.cn/2017/specimen.php?id=6678725,NA,NA,NA,NA,NA,NA,NA,NA,NA,NA,NA,Pinus tabuliformis Carri猫re,,
1020041284,Pinus tabuliformis var. tabuliformis,29.47,101.52,"gass84,colmafu,inmafu",cd6e21c8-9e8a-493a-8a76-fbf7862069e5,061b4f20-f241-11da-a328-b8a03c50a862,,996e30f8-f762-11e1-a439-00145eb45e9a,GB,DWC_ARCHIVE,2022-04-22T09:53:15.711+00:00,2022-04-27T08:08:24.746+00:00,153,061b4f20-f241-11da-a328-b8a03c50a862,PRESERVED_SPECIMEN,PRESENT,7230691,6,7707728,194,640,3925,2684241,5285359,7230691,Pinus tabuliformis var. tabuliformis,Plantae,Tracheophyta,Pinales,Pinaceae,Pinus,Pinus tabuliformis,Pinus,tabuliformis,VARIETY,ACCEPTED,LC,3600,NA,NA,1981,9,15,1981-09-15T00:00:00,NA,2022-04-27T08:08:24.746+00:00,http://creativecommons.org/licenses/by/4.0/legalcode,FALSE,NA,NA,"Lancaster, C.R.",NA,FALSE,WGS84,Pinopsida,CN,China,K000554011,950,NA,NA,Daxue Shan,valley of Pi Ho,NA,1020041284,Herbarium,http://specimens.kew.org/herbarium/K000554011,NA,K000554011,K,NA,NA,NA,NA,NA,NA,NA,NA,"Farjon, A.",fa252605-26f6-426c-9892-94d071c2c77f,NA,NA,tabuliformis,dceb8d52-094c-4c2c-8960-75e0097c6861,Daxue Shan,"tree 6 m tall, with seed cones",Taxonomic status: accepted,PINACEAE,NA,NA,NA,NA,NA,Pinus tabuliformis var. tabuliformis
1020041298,Pinus tabuliformis var. tabuliformis,29.47,101.52,"gass84,colmafu,inmafu",cd6e21c8-9e8a-493a-8a76-fbf7862069e5,061b4f20-f241-11da-a328-b8a03c50a862,,996e30f8-f762-11e1-a439-00145eb45e9a,GB,DWC_ARCHIVE,2022-04-22T09:53:15.711+00:00,2022-04-27T08:08:25.131+00:00,153,061b4f20-f241-11da-a328-b8a03c50a862,PRESERVED_SPECIMEN,PRESENT,7230691,6,7707728,194,640,3925,2684241,5285359,7230691,Pinus tabuliformis var. tabuliformis,Plantae,Tracheophyta,Pinales,Pinaceae,Pinus,Pinus tabuliformis,Pinus,tabuliformis,VARIETY,ACCEPTED,LC,3800,NA,NA,1981,9,17,1981-09-17T00:00:00,NA,2022-04-27T08:08:25.131+00:00,http://creativecommons.org/licenses/by/4.0/legalcode,FALSE,NA,NA,"Lancaster, C.R.",NA,FALSE,WGS84,Pinopsida,CN,China,K000554012,1024,NA,NA,Daxue Shan,valley of Pa La Ho,NA,1020041298,Herbarium,http://specimens.kew.org/herbarium/K000554012,NA,K000554012,K,NA,NA,NA,NA,NA,NA,NA,NA,"Farjon, A.",fa252605-26f6-426c-9892-94d071c2c77f,NA,NA,tabuliformis,dceb8d52-094c-4c2c-8960-75e0097c6861,Daxue Shan,tree 15 m tall,Taxonomic status: accepted,PINACEAE,NA,NA,NA,NA,NA,Pinus tabuliformis var. tabuliformis
919490177,Pinus tabuliformis Carri猫re,27.2822,100.85195,"cdround,gass84,txmatfuz,colmano,inmafu",1b412457-43cf-4a6f-b5c2-7acf01be5977,a2fa5b68-3ebf-4845-abc5-f456d251386f,,26706e39-4208-42b6-9d12-2b60b0acf1a3,CN,DWC_ARCHIVE,2022-04-22T08:38:48.370+00:00,2022-04-27T07:26:39.246+00:00,129,a2fa5b68-3ebf-4845-abc5-f456d251386f,PRESERVED_SPECIMEN,PRESENT,5285359,6,7707728,194,640,3925,2684241,5285359,5285359,Pinus tabuliformis Carri猫re,Plantae,Tracheophyta,Pinales,Pinaceae,Pinus,Pinus tabuliformis,Pinus,tabuliformis,SPECIES,ACCEPTED,LC,NA,NA,浜戝崡,1981,NA,NA,1981-01-01T00:00:00,NA,2022-04-27T07:26:39.246+00:00,http://creativecommons.org/licenses/by/4.0/legalcode,FALSE,NA,NA,闊╄涓扮瓑,NA,FALSE,WGS84,Pinopsida,CN,China,5711557,NA,NA,NA,NA,瀹佹氮鍚庡北,NA,919490177,NA,5711557,NA,e217ea94-b6bf-11e1-8c2f-acd112e444a7,PE,NA,NA,NA,NA,NA,NA,NA,NA,NA,ac8eb8fc-0703-4408-8388-686764b75877,瀹佽挆褰濇棌鑷不鍘?http://www.nsii.org.cn/node/79/cvh/44/5ed/5711557,NA,NA,NA,NA,NA,NA,NA,NA,NA,NA,NA,Pinus tabuliformis Carri猫re,
2417309154,Pinus tabuliformis Carri猫re,36.85,102.15,"gass84,colmano,inmafu",3942a8dc-9f01-420d-a829-01675dc01c73,a2fa5b68-3ebf-4845-abc5-f456d251386f,,26706e39-4208-42b6-9d12-2b60b0acf1a3,CN,DWC_ARCHIVE,2022-04-24T22:52:20.107+00:00,2022-04-27T07:34:03.944+00:00,4,a2fa5b68-3ebf-4845-abc5-f456d251386f,PRESERVED_SPECIMEN,PRESENT,5285359,6,7707728,194,640,3925,2684241,5285359,5285359,Pinus tabuliformis Carri猫re,Plantae,Tracheophyta,Pinales,Pinaceae,Pinus,Pinus tabuliformis,Pinus,tabuliformis,SPECIES,ACCEPTED,LC,NA,NA,闈掓捣,1980,NA,NA,1980-01-01T00:00:00,NA,2022-04-27T07:34:03.944+00:00,http://creativecommons.org/licenses/by/4.0/legalcode,FALSE,NA,NA,宕旈缚瀹?NA,FALSE,WGS84,Pinopsida,CN,China,6667188,NA,NA,NA,NA,NA,NA,2417309154,NA,6667188,NA,7568,PE,NA,NA,NA,NA,NA,NA,NA,NA,NA,ac8eb8fc-0703-4408-8388-686764b75877,浜掑姪鍦熸棌鑷不鍘?http://www.nsii.org.cn/2017/specimen.php?id=6667188,NA,NA,NA,NA,NA,NA,NA,NA,NA,NA,NA,Pinus tabuliformis Carri猫re,,
2417309181,Pinus tabuliformis Carri猫re,36.85,102.15,"gass84,colmano,inmafu",3942a8dc-9f01-420d-a829-01675dc01c73,a2fa5b68-3ebf-4845-abc5-f456d251386f,,26706e39-4208-42b6-9d12-2b60b0acf1a3,CN,DWC_ARCHIVE,2022-04-24T22:52:20.107+00:00,2022-04-27T07:34:07.535+00:00,4,a2fa5b68-3ebf-4845-abc5-f456d251386f,PRESERVED_SPECIMEN,PRESENT,5285359,6,7707728,194,640,3925,2684241,5285359,5285359,Pinus tabuliformis Carri猫re,Plantae,Tracheophyta,Pinales,Pinaceae,Pinus,Pinus tabuliformis,Pinus,tabuliformis,SPECIES,ACCEPTED,LC,NA,NA,闈掓捣,1980,NA,NA,1980-01-01T00:00:00,NA,2022-04-27T07:34:07.535+00:00,http://creativecommons.org/licenses/by/4.0/legalcode,FALSE,NA,NA,宕旈缚瀹?NA,FALSE,WGS84,Pinopsida,CN,China,6667189,NA,NA,NA,NA,NA,NA,2417309181,NA,6667189,NA,7567,PE,NA,NA,NA,NA,NA,NA,NA,NA,NA,ac8eb8fc-0703-4408-8388-686764b75877,浜掑姪鍦熸棌鑷不鍘?http://www.nsii.org.cn/2017/specimen.php?id=6667189,NA,NA,NA,NA,NA,NA,NA,NA,NA,NA,NA,Pinus tabuliformis Carri猫re,,
2417607170,Pinus tabuliformis Carri猫re,32.94,104.68,"gass84,colmano,inmafu",3942a8dc-9f01-420d-a829-01675dc01c73,a2fa5b68-3ebf-4845-abc5-f456d251386f,,26706e39-4208-42b6-9d12-2b60b0acf1a3,CN,DWC_ARCHIVE,2022-04-24T22:52:20.107+00:00,2022-04-27T07:34:09.037+00:00,4,a2fa5b68-3ebf-4845-abc5-f456d251386f,PRESERVED_SPECIMEN,PRESENT,5285359,6,7707728,194,640,3925,2684241,5285359,5285359,Pinus tabuliformis Carri猫re,Plantae,Tracheophyta,Pinales,Pinaceae,Pinus,Pinus tabuliformis,Pinus,tabuliformis,SPECIES,ACCEPTED,LC,NA,NA,鐢樿們,1980,NA,NA,1980-01-01T00:00:00,NA,2022-04-27T07:34:09.037+00:00,http://creativecommons.org/licenses/by/4.0/legalcode,FALSE,NA,NA,鐜嬪叞宸炪€佸叞鏂囦妇,NA,FALSE,WGS84,Pinopsida,CN,China,6469330,NA,NA,NA,NA,NA,NA,2417607170,NA,6469330,NA,207138,PE,NA,NA,NA,NA,NA,NA,NA,NA,NA,ac8eb8fc-0703-4408-8388-686764b75877,鏂囧幙,http://www.nsii.org.cn/2017/specimen.php?id=6469330,NA,NA,NA,NA,NA,NA,NA,NA,NA,NA,NA,Pinus tabuliformis Carri猫re
2417745141,Pinus tabuliformis Carri猫re,30.91,102.54,"gass84,colmano,inmafu",3942a8dc-9f01-420d-a829-01675dc01c73,a2fa5b68-3ebf-4845-abc5-f456d251386f,,26706e39-4208-42b6-9d12-2b60b0acf1a3,CN,DWC_ARCHIVE,2022-04-24T22:52:20.107+00:00,2022-04-27T07:34:09.453+00:00,4,a2fa5b68-3ebf-4845-abc5-f456d251386f,PRESERVED_SPECIMEN,PRESENT,5285359,6,7707728,194,640,3925,2684241,5285359,5285359,Pinus tabuliformis Carri猫re,Plantae,Tracheophyta,Pinales,Pinaceae,Pinus,Pinus tabuliformis,Pinus,tabuliformis,SPECIES,ACCEPTED,LC,NA,NA,鍥涘窛,1975,NA,NA,1975-01-01T00:00:00,NA,2022-04-27T07:34:09.453+00:00,http://creativecommons.org/licenses/by/4.0/legalcode,FALSE,NA,NA,鍥涘窛妞嶈璋冩煡闃?NA,FALSE,WGS84,Pinopsida,CN,China,6667181,NA,NA,NA,NA,NA,NA,2417745141,NA,6667181,NA,7575,PE,NA,NA,NA,NA,NA,NA,NA,NA,NA,ac8eb8fc-0703-4408-8388-686764b75877,鐞嗗幙,http://www.nsii.org.cn/2017/specimen.php?id=6667181,NA,NA,NA,NA,NA,NA,NA,NA,NA,NA,NA,Pinus tabuliformis Carri猫re,
2417308457,Pinus tabuliformis Carri猫re,36.85,102.15,"gass84,colmano,inmafu",3942a8dc-9f01-420d-a829-01675dc01c73,a2fa5b68-3ebf-4845-abc5-f456d251386f,,26706e39-4208-42b6-9d12-2b60b0acf1a3,CN,DWC_ARCHIVE,2022-04-24T22:52:20.107+00:00,2022-04-27T07:34:04.126+00:00,4,a2fa5b68-3ebf-4845-abc5-f456d251386f,PRESERVED_SPECIMEN,PRESENT,5285359,6,7707728,194,640,3925,2684241,5285359,5285359,Pinus tabuliformis Carri猫re,Plantae,Tracheophyta,Pinales,Pinaceae,Pinus,Pinus tabuliformis,Pinus,tabuliformis,SPECIES,ACCEPTED,LC,NA,NA,闈掓捣,1965,NA,NA,1965-01-01T00:00:00,NA,2022-04-27T07:34:04.126+00:00,http://creativecommons.org/licenses/by/4.0/legalcode,FALSE,NA,NA,閮湰鍏?NA,FALSE,WGS84,Pinopsida,CN,China,6667187,NA,NA,NA,NA,NA,NA,2417308457,NA,6667187,NA,7569,PE,NA,NA,NA,NA,NA,NA,NA,NA,NA,ac8eb8fc-0703-4408-8388-686764b75877,浜掑姪鍦熸棌鑷不鍘?http://www.nsii.org.cn/2017/specimen.php?id=6667187,NA,NA,NA,NA,NA,NA,NA,NA,NA,NA,NA,Pinus tabuliformis Carri猫re,,
2417292440,Pinus tabuliformis Carri猫re,33.26,104.23,"gass84,colmano,inmafu",3942a8dc-9f01-420d-a829-01675dc01c73,a2fa5b68-3ebf-4845-abc5-f456d251386f,,26706e39-4208-42b6-9d12-2b60b0acf1a3,CN,DWC_ARCHIVE,2022-04-24T22:52:20.107+00:00,2022-04-27T07:34:07.485+00:00,4,a2fa5b68-3ebf-4845-abc5-f456d251386f,PRESERVED_SPECIMEN,PRESENT,5285359,6,7707728,194,640,3925,2684241,5285359,5285359,Pinus tabuliformis Carri猫re,Plantae,Tracheophyta,Pinales,Pinaceae,Pinus,Pinus tabuliformis,Pinus,tabuliformis,SPECIES,ACCEPTED,LC,NA,NA,鍥涘窛,1964,NA,NA,1964-01-01T00:00:00,NA,2022-04-27T07:34:07.485+00:00,http://creativecommons.org/licenses/by/4.0/legalcode,FALSE,NA,NA,鏉庡叏鍠滐紝璧靛叴瀛?NA,FALSE,WGS84,Pinopsida,CN,China,6667176,NA,NA,NA,NA,NA,NA,2417292440,NA,6667176,NA,7580,PE,NA,NA,NA,NA,NA,NA,NA,NA,NA,ac8eb8fc-0703-4408-8388-686764b75877,涔濆娌熷幙,http://www.nsii.org.cn/2017/specimen.php?id=6667176,NA,NA,NA,NA,NA,NA,NA,NA,NA,NA,NA,Pinus tabuliformis Carri猫re,
2417387618,Pinus tabuliformis Carri猫re,37.47,102.89,"gass84,colmano,inmafu",3942a8dc-9f01-420d-a829-01675dc01c73,a2fa5b68-3ebf-4845-abc5-f456d251386f,,26706e39-4208-42b6-9d12-2b60b0acf1a3,CN,DWC_ARCHIVE,2022-04-24T22:52:20.107+00:00,2022-04-27T07:34:08.053+00:00,4,a2fa5b68-3ebf-4845-abc5-f456d251386f,PRESERVED_SPECIMEN,PRESENT,5285359,6,7707728,194,640,3925,2684241,5285359,5285359,Pinus tabuliformis Carri猫re,Plantae,Tracheophyta,Pinales,Pinaceae,Pinus,Pinus tabuliformis,Pinus,tabuliformis,SPECIES,ACCEPTED,LC,NA,NA,鐢樿們,1964,NA,NA,1964-01-01T00:00:00,NA,2022-04-27T07:34:08.053+00:00,http://creativecommons.org/licenses/by/4.0/legalcode,FALSE,NA,NA,Anonymous,NA,FALSE,WGS84,Pinopsida,CN,China,6628144,NA,NA,NA,NA,NA,NA,2417387618,NA,6628144,NA,47427,PE,NA,NA,NA,NA,NA,NA,NA,NA,NA,ac8eb8fc-0703-4408-8388-686764b75877,鍙ゆ氮鍘?http://www.nsii.org.cn/2017/specimen.php?id=6628144,NA,NA,NA,NA,NA,NA,NA,NA,NA,NA,NA,Pinus tabuliformis Carri猫re,
2417329985,Pinus tabuliformis Carri猫re,36.07,103.75,"gass84,colmano,inmafu",3942a8dc-9f01-420d-a829-01675dc01c73,a2fa5b68-3ebf-4845-abc5-f456d251386f,,26706e39-4208-42b6-9d12-2b60b0acf1a3,CN,DWC_ARCHIVE,2022-04-24T22:52:20.107+00:00,2022-04-27T07:34:04.043+00:00,4,a2fa5b68-3ebf-4845-abc5-f456d251386f,PRESERVED_SPECIMEN,PRESENT,5285359,6,7707728,194,640,3925,2684241,5285359,5285359,Pinus tabuliformis Carri猫re,Plantae,Tracheophyta,Pinales,Pinaceae,Pinus,Pinus tabuliformis,Pinus,tabuliformis,SPECIES,ACCEPTED,LC,NA,NA,鐢樿們,1960,NA,NA,1960-01-01T00:00:00,NA,2022-04-27T07:34:04.043+00:00,http://creativecommons.org/licenses/by/4.0/legalcode,FALSE,NA,NA,闈掕棌闃?NA,FALSE,WGS84,Pinopsida,CN,China,6667440,NA,NA,NA,NA,NA,NA,2417329985,NA,6667440,NA,7315,PE,NA,NA,NA,NA,NA,NA,NA,NA,NA,ac8eb8fc-0703-4408-8388-686764b75877,鍏板窞甯?http://www.nsii.org.cn/2017/specimen.php?id=6667440,NA,NA,NA,NA,NA,NA,NA,NA,NA,NA,NA,Pinus tabuliformis Carri猫re,,
2417330127,Pinus tabuliformis Carri猫re,36.07,103.75,"gass84,colmano,inmafu",3942a8dc-9f01-420d-a829-01675dc01c73,a2fa5b68-3ebf-4845-abc5-f456d251386f,,26706e39-4208-42b6-9d12-2b60b0acf1a3,CN,DWC_ARCHIVE,2022-04-24T22:52:20.107+00:00,2022-04-27T07:34:07.777+00:00,4,a2fa5b68-3ebf-4845-abc5-f456d251386f,PRESERVED_SPECIMEN,PRESENT,5285359,6,7707728,194,640,3925,2684241,5285359,5285359,Pinus tabuliformis Carri猫re,Plantae,Tracheophyta,Pinales,Pinaceae,Pinus,Pinus tabuliformis,Pinus,tabuliformis,SPECIES,ACCEPTED,LC,NA,NA,鐢樿們,1959,NA,NA,1959-01-01T00:00:00,NA,2022-04-27T07:34:07.777+00:00,http://creativecommons.org/licenses/by/4.0/legalcode,FALSE,NA,NA,浣曞彾鐞?NA,FALSE,WGS84,Pinopsida,CN,China,6667190,NA,NA,NA,NA,NA,NA,2417330127,NA,6667190,NA,7566,PE,NA,NA,NA,NA,NA,NA,NA,NA,NA,ac8eb8fc-0703-4408-8388-686764b75877,鍏板窞甯?http://www.nsii.org.cn/2017/specimen.php?id=6667190,NA,NA,NA,NA,NA,NA,NA,NA,NA,NA,NA,Pinus tabuliformis Carri猫re,,
2417674228,Pinus tabuliformis Carri猫re,38.62,103.09,"gass84,colmano,inmafu",3942a8dc-9f01-420d-a829-01675dc01c73,a2fa5b68-3ebf-4845-abc5-f456d251386f,,26706e39-4208-42b6-9d12-2b60b0acf1a3,CN,DWC_ARCHIVE,2022-04-24T22:52:20.107+00:00,2022-04-27T07:34:06.584+00:00,4,a2fa5b68-3ebf-4845-abc5-f456d251386f,PRESERVED_SPECIMEN,PRESENT,5285359,6,7707728,194,640,3925,2684241,5285359,5285359,Pinus tabuliformis Carri猫re,Plantae,Tracheophyta,Pinales,Pinaceae,Pinus,Pinus tabuliformis,Pinus,tabuliformis,SPECIES,ACCEPTED,LC,NA,NA,鐢樿們,1959,NA,NA,1959-01-01T00:00:00,NA,2022-04-27T07:34:06.584+00:00,http://creativecommons.org/licenses/by/4.0/legalcode,FALSE,NA,NA,浣曞彾鐞?NA,FALSE,WGS84,Pinopsida,CN,China,6667191,NA,NA,NA,NA,NA,NA,2417674228,NA,6667191,NA,7565,PE,NA,NA,NA,NA,NA,NA,NA,NA,NA,ac8eb8fc-0703-4408-8388-686764b75877,姘戝嫟鍘?http://www.nsii.org.cn/2017/specimen.php?id=6667191,NA,NA,NA,NA,NA,NA,NA,NA,NA,NA,NA,Pinus tabuliformis Carri猫re,,
2417676233,Pinus tabuliformis Carri猫re,37.92,102.64,"gass84,colmano,inmafu",3942a8dc-9f01-420d-a829-01675dc01c73,a2fa5b68-3ebf-4845-abc5-f456d251386f,,26706e39-4208-42b6-9d12-2b60b0acf1a3,CN,DWC_ARCHIVE,2022-04-24T22:52:20.107+00:00,2022-04-27T07:34:09.079+00:00,4,a2fa5b68-3ebf-4845-abc5-f456d251386f,PRESERVED_SPECIMEN,PRESENT,5285359,6,7707728,194,640,3925,2684241,5285359,5285359,Pinus tabuliformis Carri猫re,Plantae,Tracheophyta,Pinales,Pinaceae,Pinus,Pinus tabuliformis,Pinus,tabuliformis,SPECIES,ACCEPTED,LC,NA,NA,鐢樿們,1959,NA,NA,1959-01-01T00:00:00,NA,2022-04-27T07:34:09.079+00:00,http://creativecommons.org/licenses/by/4.0/legalcode,FALSE,NA,NA,浣曞彾鐞?NA,FALSE,WGS84,Pinopsida,CN,China,6667192,NA,NA,NA,NA,NA,NA,2417676233,NA,6667192,NA,7564,PE,NA,NA,NA,NA,NA,NA,NA,NA,NA,ac8eb8fc-0703-4408-8388-686764b75877,姝﹀▉甯?http://www.nsii.org.cn/2017/specimen.php?id=6667192,NA,NA,NA,NA,NA,NA,NA,NA,NA,NA,NA,Pinus tabuliformis Carri猫re,,
2417383710,Pinus tabuliformis Carri猫re,37.47,102.89,"gass84,colmano,inmafu",3942a8dc-9f01-420d-a829-01675dc01c73,a2fa5b68-3ebf-4845-abc5-f456d251386f,,26706e39-4208-42b6-9d12-2b60b0acf1a3,CN,DWC_ARCHIVE,2022-04-24T22:52:20.107+00:00,2022-04-27T07:34:04.660+00:00,4,a2fa5b68-3ebf-4845-abc5-f456d251386f,PRESERVED_SPECIMEN,PRESENT,5285359,6,7707728,194,640,3925,2684241,5285359,5285359,Pinus tabuliformis Carri猫re,Plantae,Tracheophyta,Pinales,Pinaceae,Pinus,Pinus tabuliformis,Pinus,tabuliformis,SPECIES,ACCEPTED,LC,NA,NA,鐢樿們,1958,NA,NA,1958-01-01T00:00:00,NA,2022-04-27T07:34:04.660+00:00,http://creativecommons.org/licenses/by/4.0/legalcode,FALSE,NA,NA,鐢橀潚闃?NA,FALSE,WGS84,Pinopsida,CN,China,6667193,NA,NA,NA,NA,NA,NA,2417383710,NA,6667193,NA,7563,PE,NA,NA,NA,NA,NA,NA,NA,NA,NA,ac8eb8fc-0703-4408-8388-686764b75877,鍙ゆ氮鍘?http://www.nsii.org.cn/2017/specimen.php?id=6667193,NA,NA,NA,NA,NA,NA,NA,NA,NA,NA,NA,Pinus tabuliformis Carri猫re,,
2417483344,Pinus tabuliformis Carri猫re,30.36,102.81,"gass84,colmano,inmafu",3942a8dc-9f01-420d-a829-01675dc01c73,a2fa5b68-3ebf-4845-abc5-f456d251386f,,26706e39-4208-42b6-9d12-2b60b0acf1a3,CN,DWC_ARCHIVE,2022-04-24T22:52:20.107+00:00,2022-04-27T07:34:05.361+00:00,4,a2fa5b68-3ebf-4845-abc5-f456d251386f,PRESERVED_SPECIMEN,PRESENT,5285359,6,7707728,194,640,3925,2684241,5285359,5285359,Pinus tabuliformis Carri猫re,Plantae,Tracheophyta,Pinales,Pinaceae,Pinus,Pinus tabuliformis,Pinus,tabuliformis,SPECIES,ACCEPTED,LC,NA,NA,鍥涘窛,1958,NA,NA,1958-01-01T00:00:00,NA,2022-04-27T07:34:05.361+00:00,http://creativecommons.org/licenses/by/4.0/legalcode,FALSE,NA,NA,寮犵瀹烇紝浠绘湁閾?NA,FALSE,WGS84,Pinopsida,CN,China,6647009,NA,NA,NA,NA,NA,NA,2417483344,NA,6647009,NA,28128,PE,NA,NA,NA,NA,NA,NA,NA,NA,NA,ac8eb8fc-0703-4408-8388-686764b75877,瀹濆叴鍘?http://www.nsii.org.cn/2017/specimen.php?id=6647009,NA,NA,NA,NA,NA,NA,NA,NA,NA,NA,NA,Pinus tabuliformis Carri猫re,,
2417507235,Pinus tabuliformis Carri猫re,30.99,102.36,"gass84,colmano,inmafu",3942a8dc-9f01-420d-a829-01675dc01c73,a2fa5b68-3ebf-4845-abc5-f456d251386f,,26706e39-4208-42b6-9d12-2b60b0acf1a3,CN,DWC_ARCHIVE,2022-04-24T22:52:20.107+00:00,2022-04-27T07:34:05.446+00:00,4,a2fa5b68-3ebf-4845-abc5-f456d251386f,PRESERVED_SPECIMEN,PRESENT,5285359,6,7707728,194,640,3925,2684241,5285359,5285359,Pinus tabuliformis Carri猫re,Plantae,Tracheophyta,Pinales,Pinaceae,Pinus,Pinus tabuliformis,Pinus,tabuliformis,SPECIES,ACCEPTED,LC,NA,NA,鍥涘窛,1958,NA,NA,1958-01-01T00:00:00,NA,2022-04-27T07:34:05.446+00:00,http://creativecommons.org/licenses/by/4.0/legalcode,FALSE,NA,NA,"寮犵瀵?浠绘湁閾?,NA,FALSE,WGS84,Pinopsida,CN,China,6667175,NA,NA,NA,NA,NA,NA,2417507235,NA,6667175,NA,00007581,PE,NA,NA,NA,NA,NA,NA,NA,NA,NA,ac8eb8fc-0703-4408-8388-686764b75877,灏忛噾鍘?http://www.nsii.org.cn/2017/specimen.php?id=6667175,NA,NA,NA,NA,NA,NA,NA,NA,NA,NA,NA,Pinus tabuliformis Carri猫re
2417726839,Pinus tabuliformis Carri猫re,35.13,104.21,gass84",colmano,"inmafu""",3942a8dc-9f01-420d-a829-01675dc01c73,a2fa5b68-3ebf-4845-abc5-f456d251386f,,26706e39-4208-42b6-9d12-2b60b0acf1a3,CN,DWC_ARCHIVE,2022-04-24T22:52:20.107+00:00,2022-04-27T07:34:06.736+00:00,4,a2fa5b68-3ebf-4845-abc5-f456d251386f,PRESERVED_SPECIMEN,PRESENT,5285359,6,7707728,194,640,3925,2684241,5285359,5285359,Pinus tabuliformis Carri猫re,Plantae,Tracheophyta,Pinales,Pinaceae,Pinus,Pinus tabuliformis,Pinus,tabuliformis,SPECIES,ACCEPTED,LC,NA,NA,鐢樿們,1957,NA,NA,1957-01-01T00:00:00,NA
2417660279,Pinus tabuliformis Carri猫re,35.84,104.11,"gass84,colmano,inmafu",3942a8dc-9f01-420d-a829-01675dc01c73,a2fa5b68-3ebf-4845-abc5-f456d251386f,,26706e39-4208-42b6-9d12-2b60b0acf1a3,CN,DWC_ARCHIVE,2022-04-24T22:52:20.107+00:00,2022-04-27T07:34:09.196+00:00,4,a2fa5b68-3ebf-4845-abc5-f456d251386f,PRESERVED_SPECIMEN,PRESENT,5285359,6,7707728,194,640,3925,2684241,5285359,5285359,Pinus tabuliformis Carri猫re,Plantae,Tracheophyta,Pinales,Pinaceae,Pinus,Pinus tabuliformis,Pinus,tabuliformis,SPECIES,ACCEPTED,LC,NA,NA,鐢樿們,1956,NA,NA,1956-01-01T00:00:00,NA,2022-04-27T07:34:09.196+00:00,http://creativecommons.org/licenses/by/4.0/legalcode,FALSE,NA,NA,榛勬渤璋冩煡闃?NA,FALSE,WGS84,Pinopsida,CN,China,6667212,NA,NA,NA,NA,NA,NA,2417660279,NA,6667212,NA,7544,PE,NA,NA,NA,NA,NA,NA,NA,NA,NA,ac8eb8fc-0703-4408-8388-686764b75877,姒嗕腑鍘?http://www.nsii.org.cn/2017/specimen.php?id=6667212,NA,NA,NA,NA,NA,NA,NA,NA,NA,NA,NA,Pinus tabuliformis Carri猫re,,
2417485940,Pinus tabuliformis Carri猫re,30.36,102.81,"gass84,colmano,inmafu",3942a8dc-9f01-420d-a829-01675dc01c73,a2fa5b68-3ebf-4845-abc5-f456d251386f,,26706e39-4208-42b6-9d12-2b60b0acf1a3,CN,DWC_ARCHIVE,2022-04-24T22:52:20.107+00:00,2022-04-27T07:34:08.383+00:00,4,a2fa5b68-3ebf-4845-abc5-f456d251386f,PRESERVED_SPECIMEN,PRESENT,5285359,6,7707728,194,640,3925,2684241,5285359,5285359,Pinus tabuliformis Carri猫re,Plantae,Tracheophyta,Pinales,Pinaceae,Pinus,Pinus tabuliformis,Pinus,tabuliformis,SPECIES,ACCEPTED,LC,NA,NA,鍥涘窛,1954,NA,NA,1954-01-01T00:00:00,NA,2022-04-27T07:34:08.383+00:00,http://creativecommons.org/licenses/by/4.0/legalcode,FALSE,NA,NA,瀹嬫粙鍦?NA,FALSE,WGS84,Pinopsida,CN,China,6667183,NA,NA,NA,NA,NA,NA,2417485940,NA,6667183,NA,7573,PE,NA,NA,NA,NA,NA,NA,NA,NA,NA,ac8eb8fc-0703-4408-8388-686764b75877,瀹濆叴鍘?http://www.nsii.org.cn/2017/specimen.php?id=6667183,NA,NA,NA,NA,NA,NA,NA,NA,NA,NA,NA,Pinus tabuliformis Carri猫re,,
2417487135,Pinus tabuliformis Carri猫re,30.36,102.81,"gass84,colmano,inmafu",3942a8dc-9f01-420d-a829-01675dc01c73,a2fa5b68-3ebf-4845-abc5-f456d251386f,,26706e39-4208-42b6-9d12-2b60b0acf1a3,CN,DWC_ARCHIVE,2022-04-24T22:52:20.107+00:00,2022-04-27T07:34:05.381+00:00,4,a2fa5b68-3ebf-4845-abc5-f456d251386f,PRESERVED_SPECIMEN,PRESENT,5285359,6,7707728,194,640,3925,2684241,5285359,5285359,Pinus tabuliformis Carri猫re,Plantae,Tracheophyta,Pinales,Pinaceae,Pinus,Pinus tabuliformis,Pinus,tabuliformis,SPECIES,ACCEPTED,LC,NA,NA,鍥涘窛,1952,NA,NA,1952-01-01T00:00:00,NA,2022-04-27T07:34:05.381+00:00,http://creativecommons.org/licenses/by/4.0/legalcode,FALSE,NA,NA,瀹嬫粙鍦?NA,FALSE,WGS84,Pinopsida,CN,China,6647008,NA,NA,NA,NA,NA,NA,2417487135,NA,6647008,NA,28129,PE,NA,NA,NA,NA,NA,NA,NA,NA,NA,ac8eb8fc-0703-4408-8388-686764b75877,瀹濆叴鍘?http://www.nsii.org.cn/2017/specimen.php?id=6647008,NA,NA,NA,NA,NA,NA,NA,NA,NA,NA,NA,Pinus tabuliformis Carri猫re,,
2417733427,Pinus tabuliformis Carri猫re,34.84,104.47,"gass84,colmano,inmafu",3942a8dc-9f01-420d-a829-01675dc01c73,a2fa5b68-3ebf-4845-abc5-f456d251386f,,26706e39-4208-42b6-9d12-2b60b0acf1a3,CN,DWC_ARCHIVE,2022-04-24T22:52:20.107+00:00,2022-04-27T07:34:09.686+00:00,4,a2fa5b68-3ebf-4845-abc5-f456d251386f,PRESERVED_SPECIMEN,PRESENT,5285359,6,7707728,194,640,3925,2684241,5285359,5285359,Pinus tabuliformis Carri猫re,Plantae,Tracheophyta,Pinales,Pinaceae,Pinus,Pinus tabuliformis,Pinus,tabuliformis,SPECIES,ACCEPTED,LC,NA,NA,鐢樿們,1952,NA,NA,1952-01-01T00:00:00,NA,2022-04-27T07:34:09.686+00:00,http://creativecommons.org/licenses/by/4.0/legalcode,FALSE,NA,NA,榛勬渤璋冩煡闃?NA,FALSE,WGS84,Pinopsida,CN,China,6667213,NA,NA,NA,NA,NA,NA,2417733427,NA,6667213,NA,7543,PE,NA,NA,NA,NA,NA,NA,NA,NA,NA,ac8eb8fc-0703-4408-8388-686764b75877,婕冲幙,http://www.nsii.org.cn/2017/specimen.php?id=6667213,NA,NA,NA,NA,NA,NA,NA,NA,NA,NA,NA,Pinus tabuliformis Carri猫re,
2417738603,Pinus tabuliformis Carri猫re,30.91,102.54,"gass84,colmano,inmafu",3942a8dc-9f01-420d-a829-01675dc01c73,a2fa5b68-3ebf-4845-abc5-f456d251386f,,26706e39-4208-42b6-9d12-2b60b0acf1a3,CN,DWC_ARCHIVE,2022-04-24T22:52:20.107+00:00,2022-04-27T07:34:09.384+00:00,4,a2fa5b68-3ebf-4845-abc5-f456d251386f,PRESERVED_SPECIMEN,PRESENT,5285359,6,7707728,194,640,3925,2684241,5285359,5285359,Pinus tabuliformis Carri猫re,Plantae,Tracheophyta,Pinales,Pinaceae,Pinus,Pinus tabuliformis,Pinus,tabuliformis,SPECIES,ACCEPTED,LC,NA,NA,鍥涘窛,1952,NA,NA,1952-01-01T00:00:00,NA,2022-04-27T07:34:09.384+00:00,http://creativecommons.org/licenses/by/4.0/legalcode,FALSE,NA,NA,浣曢摳锛屽懆瀛愭灄,NA,FALSE,WGS84,Pinopsida,CN,China,6667168,NA,NA,NA,NA,NA,NA,2417738603,NA,6667168,NA,7588,PE,NA,NA,NA,NA,NA,NA,NA,NA,NA,ac8eb8fc-0703-4408-8388-686764b75877,鐞嗗幙,http://www.nsii.org.cn/2017/specimen.php?id=6667168,NA,NA,NA,NA,NA,NA,NA,NA,NA,NA,NA,Pinus tabuliformis Carri猫re
2417742167,Pinus tabuliformis Carri猫re,30.91,102.54,"gass84,colmano,inmafu",3942a8dc-9f01-420d-a829-01675dc01c73,a2fa5b68-3ebf-4845-abc5-f456d251386f,,26706e39-4208-42b6-9d12-2b60b0acf1a3,CN,DWC_ARCHIVE,2022-04-24T22:52:20.107+00:00,2022-04-27T07:34:09.396+00:00,4,a2fa5b68-3ebf-4845-abc5-f456d251386f,PRESERVED_SPECIMEN,PRESENT,5285359,6,7707728,194,640,3925,2684241,5285359,5285359,Pinus tabuliformis Carri猫re,Plantae,Tracheophyta,Pinales,Pinaceae,Pinus,Pinus tabuliformis,Pinus,tabuliformis,SPECIES,ACCEPTED,LC,NA,NA,鍥涘窛,1952,NA,NA,1952-01-01T00:00:00,NA,2022-04-27T07:34:09.396+00:00,http://creativecommons.org/licenses/by/4.0/legalcode,FALSE,NA,NA,浣曢摳锛屽懆瀛愭灄,NA,FALSE,WGS84,Pinopsida,CN,China,6667152,NA,NA,NA,NA,NA,NA,2417742167,NA,6667152,NA,7604,PE,NA,NA,NA,NA,NA,NA,NA,NA,NA,ac8eb8fc-0703-4408-8388-686764b75877,鐞嗗幙,http://www.nsii.org.cn/2017/specimen.php?id=6667152,NA,NA,NA,NA,NA,NA,NA,NA,NA,NA,NA,Pinus tabuliformis Carri猫re
2417743098,Pinus tabuliformis Carri猫re,30.91,102.54,"gass84,colmano,inmafu",3942a8dc-9f01-420d-a829-01675dc01c73,a2fa5b68-3ebf-4845-abc5-f456d251386f,,26706e39-4208-42b6-9d12-2b60b0acf1a3,CN,DWC_ARCHIVE,2022-04-24T22:52:20.107+00:00,2022-04-27T07:34:09.741+00:00,4,a2fa5b68-3ebf-4845-abc5-f456d251386f,PRESERVED_SPECIMEN,PRESENT,5285359,6,7707728,194,640,3925,2684241,5285359,5285359,Pinus tabuliformis Carri猫re,Plantae,Tracheophyta,Pinales,Pinaceae,Pinus,Pinus tabuliformis,Pinus,tabuliformis,SPECIES,ACCEPTED,LC,NA,NA,鍥涘窛,1952,NA,NA,1952-01-01T00:00:00,NA,2022-04-27T07:34:09.741+00:00,http://creativecommons.org/licenses/by/4.0/legalcode,FALSE,NA,NA,浣曢摳锛屽懆瀛愭灄,NA,FALSE,WGS84,Pinopsida,CN,China,6667174,NA,NA,NA,NA,NA,NA,2417743098,NA,6667174,NA,7582,PE,NA,NA,NA,NA,NA,NA,NA,NA,NA,ac8eb8fc-0703-4408-8388-686764b75877,鐞嗗幙,http://www.nsii.org.cn/2017/specimen.php?id=6667174,NA,NA,NA,NA,NA,NA,NA,NA,NA,NA,NA,Pinus tabuliformis Carri猫re
2417745276,Pinus tabuliformis Carri猫re,30.91,102.54,"gass84,colmano,inmafu",3942a8dc-9f01-420d-a829-01675dc01c73,a2fa5b68-3ebf-4845-abc5-f456d251386f,,26706e39-4208-42b6-9d12-2b60b0acf1a3,CN,DWC_ARCHIVE,2022-04-24T22:52:20.107+00:00,2022-04-27T07:34:09.751+00:00,4,a2fa5b68-3ebf-4845-abc5-f456d251386f,PRESERVED_SPECIMEN,PRESENT,5285359,6,7707728,194,640,3925,2684241,5285359,5285359,Pinus tabuliformis Carri猫re,Plantae,Tracheophyta,Pinales,Pinaceae,Pinus,Pinus tabuliformis,Pinus,tabuliformis,SPECIES,ACCEPTED,LC,NA,NA,鍥涘窛,1952,NA,NA,1952-01-01T00:00:00,NA,2022-04-27T07:34:09.751+00:00,http://creativecommons.org/licenses/by/4.0/legalcode,FALSE,NA,NA,浣曢摳锛屽懆瀛愭灄,NA,FALSE,WGS84,Pinopsida,CN,China,6667167,NA,NA,NA,NA,NA,NA,2417745276,NA,6667167,NA,7589,PE,NA,NA,NA,NA,NA,NA,NA,NA,NA,ac8eb8fc-0703-4408-8388-686764b75877,鐞嗗幙,http://www.nsii.org.cn/2017/specimen.php?id=6667167,NA,NA,NA,NA,NA,NA,NA,NA,NA,NA,NA,Pinus tabuliformis Carri猫re
2417746418,Pinus tabuliformis Carri猫re,30.91,102.54,"gass84,colmano,inmafu",3942a8dc-9f01-420d-a829-01675dc01c73,a2fa5b68-3ebf-4845-abc5-f456d251386f,,26706e39-4208-42b6-9d12-2b60b0acf1a3,CN,DWC_ARCHIVE,2022-04-24T22:52:20.107+00:00,2022-04-27T07:34:06.809+00:00,4,a2fa5b68-3ebf-4845-abc5-f456d251386f,PRESERVED_SPECIMEN,PRESENT,5285359,6,7707728,194,640,3925,2684241,5285359,5285359,Pinus tabuliformis Carri猫re,Plantae,Tracheophyta,Pinales,Pinaceae,Pinus,Pinus tabuliformis,Pinus,tabuliformis,SPECIES,ACCEPTED,LC,NA,NA,鍥涘窛,1952,NA,NA,1952-01-01T00:00:00,NA,2022-04-27T07:34:06.809+00:00,http://creativecommons.org/licenses/by/4.0/legalcode,FALSE,NA,NA,浣曢摳锛屽懆瀛愭灄,NA,FALSE,WGS84,Pinopsida,CN,China,6667182,NA,NA,NA,NA,NA,NA,2417746418,NA,6667182,NA,7574,PE,NA,NA,NA,NA,NA,NA,NA,NA,NA,ac8eb8fc-0703-4408-8388-686764b75877,鐞嗗幙,http://www.nsii.org.cn/2017/specimen.php?id=6667182,NA,NA,NA,NA,NA,NA,NA,NA,NA,NA,NA,Pinus tabuliformis Carri猫re
1675873268,Pinus tabuliformis Carri猫re,29.97,94.83,"cucdmis,gass84",821cc27a-e3bb-4bc5-ac34-89ada245069d,bc092ff0-02e4-11dc-991f-b8a03c50a862,,b2ff19b5-d74f-40d2-82f1-ec5db01e8e31,US,DWC_ARCHIVE,2022-05-02T10:15:14.266+00:00,2022-05-02T11:37:51.223+00:00,254,bc092ff0-02e4-11dc-991f-b8a03c50a862,PRESERVED_SPECIMEN,PRESENT,5285359,6,7707728,194,640,3925,2684241,5285359,5285359,Pinus tabuliformis Carri猫re,Plantae,Tracheophyta,Pinales,Pinaceae,Pinus,Pinus tabuliformis,Pinus,tabuliformis,SPECIES,ACCEPTED,LC,2743,NA,NA,1946,12,23,1946-12-23T00:00:00,2019-10-08T11:49:00.000+00:00,2022-05-02T11:37:51.223+00:00,http://creativecommons.org/publicdomain/zero/1.0/legalcode,FALSE,NMNH Extant Biology,NA,"F. Ludlow, G. Sherriff & G. Taylor",NA,FALSE,WGS84,Pinopsida,BT,Bhutan,http://n2t.net/ark:/65665/35cd24b9d-6c23-4cfc-8861-40b97b7ab01b,12028,NA,NA,"Asia-Tropical, Bhutan","Eastern Bhutan, Tongkyuk Dzong, Pome Province",NA,1675873268,US,http://n2t.net/ark:/65665/35cd24b9d-6c23-4cfc-8861-40b97b7ab01b,PhysicalObject,US 2394905,US,NA,357,NA,NA,NA,urn:uuid:60e28f81-e634-4869-aa3e-732caed713c8,NA,NA,NA,be5b9c72-e499-42b8-a5dc-c27505cf232e,NA,NA,NA,151c91ba-a521-4735-8c11-5abf8db7fb67,NA,NA,NA,"Plantae, Gymnospermae, Coniferales, Pinaceae",1,ASIA,urn:lsid:biocol.org:col:15463,357,NA,Pinus tabuliformis Carri猫re
1675791104,Pinus tabuliformis Carri猫re,29.13,93.9,"cucdmis,gass84",821cc27a-e3bb-4bc5-ac34-89ada245069d,bc092ff0-02e4-11dc-991f-b8a03c50a862,,b2ff19b5-d74f-40d2-82f1-ec5db01e8e31,US,DWC_ARCHIVE,2022-05-02T10:15:14.266+00:00,2022-05-02T11:38:55.856+00:00,254,bc092ff0-02e4-11dc-991f-b8a03c50a862,PRESERVED_SPECIMEN,PRESENT,5285359,6,7707728,194,640,3925,2684241,5285359,5285359,Pinus tabuliformis Carri猫re,Plantae,Tracheophyta,Pinales,Pinaceae,Pinus,Pinus tabuliformis,Pinus,tabuliformis,SPECIES,ACCEPTED,LC,3093.5,45.5,NA,1938,5,25,1938-05-25T00:00:00,2019-10-08T11:49:00.000+00:00,2022-05-02T11:38:55.856+00:00,http://creativecommons.org/publicdomain/zero/1.0/legalcode,FALSE,NMNH Extant Biology,NA,"F. Ludlow, G. Sherriff & G. Taylor",NA,FALSE,WGS84,Pinopsida,BT,Bhutan,http://n2t.net/ark:/65665/313fb7245-6612-4658-b0fc-6ab60205afdd,4469,NA,NA,"Asia-Tropical, Bhutan","Eastern Bhutan, Valley of Lilung Chu",NA,1675791104,US,http://n2t.net/ark:/65665/313fb7245-6612-4658-b0fc-6ab60205afdd,PhysicalObject,US 2394906,US,NA,145,NA,NA,NA,urn:uuid:60e28f81-e634-4869-aa3e-732caed713c8,NA,NA,NA,be5b9c72-e499-42b8-a5dc-c27505cf232e,NA,NA,NA,151c91ba-a521-4735-8c11-5abf8db7fb67,NA,NA,NA,"Plantae, Gymnospermae, Coniferales, Pinaceae",1,ASIA,urn:lsid:biocol.org:col:15463,145,NA,Pinus tabuliformis Carri猫re
1020041187,Pinus tabuliformis var. tabuliformis,30.05,102.03,"gass84,colmafu,inmafu",cd6e21c8-9e8a-493a-8a76-fbf7862069e5,061b4f20-f241-11da-a328-b8a03c50a862,,996e30f8-f762-11e1-a439-00145eb45e9a,GB,DWC_ARCHIVE,2022-04-22T09:53:15.711+00:00,2022-04-27T08:08:47.569+00:00,153,061b4f20-f241-11da-a328-b8a03c50a862,PRESERVED_SPECIMEN,PRESENT,7230691,6,7707728,194,640,3925,2684241,5285359,7230691,Pinus tabuliformis var. tabuliformis,Plantae,Tracheophyta,Pinales,Pinaceae,Pinus,Pinus tabuliformis,Pinus,tabuliformis,VARIETY,ACCEPTED,LC,NA,NA,NA,1930,9,7,1930-09-07T00:00:00,NA,2022-04-27T08:08:47.569+00:00,http://creativecommons.org/licenses/by/4.0/legalcode,FALSE,NA,NA,"Cheng, W.C.",NA,FALSE,WGS84,Pinopsida,CN,China,K000554014,1840,NA,NA,Kangding Xian,"[""Tachien-lu""]",NA,1020041187,Herbarium,http://specimens.kew.org/herbarium/K000554014,NA,K000554014,K,NA,NA,NA,NA,NA,NA,NA,NA,"Farjon, A.",fa252605-26f6-426c-9892-94d071c2c77f,NA,NA,tabuliformis,dceb8d52-094c-4c2c-8960-75e0097c6861,Kangding Xian,NA,Taxonomic status: accepted,PINACEAE,NA,NA,NA,NA,NA,Pinus tabuliformis var. tabuliformis
1020041348,Pinus tabuliformis var. tabuliformis,26.57,100.2,"gass84,colmafu,inmafu",cd6e21c8-9e8a-493a-8a76-fbf7862069e5,061b4f20-f241-11da-a328-b8a03c50a862,,996e30f8-f762-11e1-a439-00145eb45e9a,GB,DWC_ARCHIVE,2022-04-22T09:53:15.711+00:00,2022-04-27T08:08:47.878+00:00,153,061b4f20-f241-11da-a328-b8a03c50a862,PRESERVED_SPECIMEN,PRESENT,7230691,6,7707728,194,640,3925,2684241,5285359,7230691,Pinus tabuliformis var. tabuliformis,Plantae,Tracheophyta,Pinales,Pinaceae,Pinus,Pinus tabuliformis,Pinus,tabuliformis,VARIETY,ACCEPTED,LC,3100,NA,NA,1916,5,19,1916-05-19T00:00:00,NA,2022-04-27T08:08:47.878+00:00,http://creativecommons.org/licenses/by/4.0/legalcode,FALSE,NA,NA,"Handel-Mazzetti, H. von",NA,FALSE,WGS84,Pinopsida,CN,China,K000554079,8734,NA,NA,Lijiang Xian,NA,NA,1020041348,Herbarium,http://specimens.kew.org/herbarium/K000554079,NA,K000554079,K,NA,NA,NA,NA,NA,NA,NA,NA,NA,fa252605-26f6-426c-9892-94d071c2c77f,NA,NA,tabuliformis,dceb8d52-094c-4c2c-8960-75e0097c6861,Lijiang Xian,NA,Taxonomic status: accepted,PINACEAE,NA,NA,NA,NA,NA,Pinus tabuliformis var. tabuliformis
1020041191,Pinus tabuliformis var. tabuliformis,31.03,103.43,"gass84,rdativ,colmafu,inmafu",cd6e21c8-9e8a-493a-8a76-fbf7862069e5,061b4f20-f241-11da-a328-b8a03c50a862,,996e30f8-f762-11e1-a439-00145eb45e9a,GB,DWC_ARCHIVE,2022-04-22T09:53:15.711+00:00,2022-04-27T08:08:47.363+00:00,153,061b4f20-f241-11da-a328-b8a03c50a862,PRESERVED_SPECIMEN,PRESENT,7230691,6,7707728,194,640,3925,2684241,5285359,7230691,Pinus tabuliformis var. tabuliformis,Plantae,Tracheophyta,Pinales,Pinaceae,Pinus,Pinus tabuliformis,Pinus,tabuliformis,VARIETY,ACCEPTED,LC,NA,NA,NA,NA,NA,NA,NA,NA,2022-04-27T08:08:47.363+00:00,http://creativecommons.org/licenses/by/4.0/legalcode,FALSE,NA,NA,"Wilson, E.H.",NA,FALSE,WGS84,Pinopsida,CN,China,K000554044,4073,NA,NA,Guan Xian,NA,NA,1020041191,Herbarium,http://specimens.kew.org/herbarium/K000554044,NA,K000554044,K,NA,NA,NA,NA,NA,NA,NA,NA,"Farjon, A.",fa252605-26f6-426c-9892-94d071c2c77f,NA,NA,tabuliformis,dceb8d52-094c-4c2c-8960-75e0097c6861,Guan Xian,NA,Taxonomic status: accepted,PINACEAE,NA,NA,NA,NA,NA,Pinus tabuliformis var. tabuliformis
1020041292,Pinus tabuliformis var. tabuliformis,31.22,103.33,"gass84,rdativ,colmafu,inmafu",cd6e21c8-9e8a-493a-8a76-fbf7862069e5,061b4f20-f241-11da-a328-b8a03c50a862,,996e30f8-f762-11e1-a439-00145eb45e9a,GB,DWC_ARCHIVE,2022-04-22T09:53:15.711+00:00,2022-04-27T08:08:25.102+00:00,153,061b4f20-f241-11da-a328-b8a03c50a862,PRESERVED_SPECIMEN,PRESENT,7230691,6,7707728,194,640,3925,2684241,5285359,7230691,Pinus tabuliformis var. tabuliformis,Plantae,Tracheophyta,Pinales,Pinaceae,Pinus,Pinus tabuliformis,Pinus,tabuliformis,VARIETY,ACCEPTED,LC,NA,NA,NA,NA,NA,NA,NA,NA,2022-04-27T08:08:25.102+00:00,http://creativecommons.org/licenses/by/4.0/legalcode,FALSE,NA,NA,"Wilson, E.H.",NA,FALSE,WGS84,Pinopsida,CN,China,K000554016,1369,NA,NA,Min River,NA,NA,1020041292,Herbarium,http://specimens.kew.org/herbarium/K000554016,NA,K000554016,K,NA,NA,NA,NA,NA,NA,NA,NA,"Farjon, A.",fa252605-26f6-426c-9892-94d071c2c77f,NA,NA,tabuliformis,dceb8d52-094c-4c2c-8960-75e0097c6861,Min River,NA,Taxonomic status: accepted,PINACEAE,NA,NA,NA,NA,NA,Pinus tabuliformis var. tabuliformis
1020041296,Pinus tabuliformis var. tabuliformis,30.05,102.03,"gass84,rdativ,colmafu,inmafu",cd6e21c8-9e8a-493a-8a76-fbf7862069e5,061b4f20-f241-11da-a328-b8a03c50a862,,996e30f8-f762-11e1-a439-00145eb45e9a,GB,DWC_ARCHIVE,2022-04-22T09:53:15.711+00:00,2022-04-27T08:08:25.038+00:00,153,061b4f20-f241-11da-a328-b8a03c50a862,PRESERVED_SPECIMEN,PRESENT,7230691,6,7707728,194,640,3925,2684241,5285359,7230691,Pinus tabuliformis var. tabuliformis,Plantae,Tracheophyta,Pinales,Pinaceae,Pinus,Pinus tabuliformis,Pinus,tabuliformis,VARIETY,ACCEPTED,LC,NA,NA,NA,NA,NA,NA,NA,NA,2022-04-27T08:08:25.038+00:00,http://creativecommons.org/licenses/by/4.0/legalcode,FALSE,NA,NA,"Wilson, E.H.",NA,FALSE,WGS84,Pinopsida,CN,China,K000554015,2501,NA,NA,Kangding Xian,NA,NA,1020041296,Herbarium,http://specimens.kew.org/herbarium/K000554015,NA,K000554015,K,NA,NA,NA,NA,NA,NA,NA,NA,"Farjon, A.",fa252605-26f6-426c-9892-94d071c2c77f,NA,NA,tabuliformis,dceb8d52-094c-4c2c-8960-75e0097c6861,Kangding Xian,tree 20-25 m tall,Taxonomic status: accepted,PINACEAE,NA,NA,NA,NA,NA,Pinus tabuliformis var. tabuliformis
1020041303,Pinus tabuliformis var. tabuliformis,29.37,103.08,"gass84,rdativ,colmafu,inmafu",cd6e21c8-9e8a-493a-8a76-fbf7862069e5,061b4f20-f241-11da-a328-b8a03c50a862,,996e30f8-f762-11e1-a439-00145eb45e9a,GB,DWC_ARCHIVE,2022-04-22T09:53:15.711+00:00,2022-04-27T08:08:24.826+00:00,153,061b4f20-f241-11da-a328-b8a03c50a862,PRESERVED_SPECIMEN,PRESENT,7230691,6,7707728,194,640,3925,2684241,5285359,7230691,Pinus tabuliformis var. tabuliformis,Plantae,Tracheophyta,Pinales,Pinaceae,Pinus,Pinus tabuliformis,Pinus,tabuliformis,VARIETY,ACCEPTED,LC,NA,NA,NA,NA,NA,NA,NA,NA,2022-04-27T08:08:24.826+00:00,http://creativecommons.org/licenses/by/4.0/legalcode,FALSE,NA,NA,"Wilson, E.H.",NA,FALSE,WGS84,Pinopsida,CN,China,K000554020,1471,NA,NA,Daxiang Ling,"[""Wa-shan""]",NA,1020041303,Herbarium,http://specimens.kew.org/herbarium/K000554020,NA,K000554020,K,NA,NA,NA,NA,NA,NA,NA,NA,"Farjon, A.",fa252605-26f6-426c-9892-94d071c2c77f,NA,NA,tabuliformis,dceb8d52-094c-4c2c-8960-75e0097c6861,Daxiang Ling,NA,Taxonomic status: accepted,PINACEAE,NA,NA,NA,NA,NA,Pinus tabuliformis var. tabuliformis
1020041320,Pinus tabuliformis var. tabuliformis,33.97,103.7,"gass84,rdativ,colmafu,inmafu",cd6e21c8-9e8a-493a-8a76-fbf7862069e5,061b4f20-f241-11da-a328-b8a03c50a862,,996e30f8-f762-11e1-a439-00145eb45e9a,GB,DWC_ARCHIVE,2022-04-22T09:53:15.711+00:00,2022-04-27T08:08:24.888+00:00,153,061b4f20-f241-11da-a328-b8a03c50a862,PRESERVED_SPECIMEN,PRESENT,7230691,6,7707728,194,640,3925,2684241,5285359,7230691,Pinus tabuliformis var. tabuliformis,Plantae,Tracheophyta,Pinales,Pinaceae,Pinus,Pinus tabuliformis,Pinus,tabuliformis,VARIETY,ACCEPTED,LC,2580,NA,NA,NA,NA,NA,NA,NA,2022-04-27T08:08:24.888+00:00,http://creativecommons.org/licenses/by/4.0/legalcode,FALSE,NA,NA,"Rock, J.F.",NA,FALSE,WGS84,Pinopsida,CN,China,K000554024,12538,NA,NA,Min Shan,"[""Upper Tebbu country, at Tatsuto, ... entrance to Kwadjaku""]",NA,1020041320,Herbarium,http://specimens.kew.org/herbarium/K000554024,NA,K000554024,K,NA,NA,NA,NA,NA,NA,NA,NA,"Farjon, A.",fa252605-26f6-426c-9892-94d071c2c77f,NA,NA,tabuliformis,dceb8d52-094c-4c2c-8960-75e0097c6861,Min Shan,NA,Taxonomic status: accepted,PINACEAE,NA,NA,NA,NA,on steep cliffs of limestone,Pinus tabuliformis var. tabuliformis
1020041333,Pinus tabuliformis var. tabuliformis,28.02,102.85,"gass84,rdativ,colmafu,inmafu",cd6e21c8-9e8a-493a-8a76-fbf7862069e5,061b4f20-f241-11da-a328-b8a03c50a862,,996e30f8-f762-11e1-a439-00145eb45e9a,GB,DWC_ARCHIVE,2022-04-22T09:53:15.711+00:00,2022-04-27T08:08:46.520+00:00,153,061b4f20-f241-11da-a328-b8a03c50a862,PRESERVED_SPECIMEN,PRESENT,7230691,6,7707728,194,640,3925,2684241,5285359,7230691,Pinus tabuliformis var. tabuliformis,Plantae,Tracheophyta,Pinales,Pinaceae,Pinus,Pinus tabuliformis,Pinus,tabuliformis,VARIETY,ACCEPTED,LC,NA,NA,NA,NA,NA,NA,NA,NA,2022-04-27T08:08:46.520+00:00,http://creativecommons.org/licenses/by/4.0/legalcode,FALSE,NA,NA,"Wilson, E.H.",NA,FALSE,WGS84,Pinopsida,CN,China,K000554022,1376,NA,NA,Xichang Xian,NA,NA,1020041333,Herbarium,http://specimens.kew.org/herbarium/K000554022,NA,K000554022,K,NA,NA,NA,NA,NA,NA,NA,NA,"Farjon, A.",fa252605-26f6-426c-9892-94d071c2c77f,NA,NA,tabuliformis,dceb8d52-094c-4c2c-8960-75e0097c6861,Xichang Xian,NA,Taxonomic status: accepted,PINACEAE,NA,NA,NA,NA,NA,Pinus tabuliformis var. tabuliformis
1020041378,Pinus tabuliformis var. tabuliformis,30.05,102.03,"gass84,rdativ,colmafu,inmafu",cd6e21c8-9e8a-493a-8a76-fbf7862069e5,061b4f20-f241-11da-a328-b8a03c50a862,,996e30f8-f762-11e1-a439-00145eb45e9a,GB,DWC_ARCHIVE,2022-04-22T09:53:15.711+00:00,2022-04-27T08:08:24.938+00:00,153,061b4f20-f241-11da-a328-b8a03c50a862,PRESERVED_SPECIMEN,PRESENT,7230691,6,7707728,194,640,3925,2684241,5285359,7230691,Pinus tabuliformis var. tabuliformis,Plantae,Tracheophyta,Pinales,Pinaceae,Pinus,Pinus tabuliformis,Pinus,tabuliformis,VARIETY,ACCEPTED,LC,NA,NA,NA,NA,NA,NA,NA,NA,2022-04-27T08:08:24.938+00:00,http://creativecommons.org/licenses/by/4.0/legalcode,FALSE,NA,NA,"Cheng, W.C.",NA,FALSE,WGS84,Pinopsida,CN,China,K000554082,1883,NA,NA,Kangding Xian,NA,NA,1020041378,Herbarium,http://specimens.kew.org/herbarium/K000554082,NA,K000554082,K,NA,NA,NA,NA,NA,NA,NA,NA,"Farjon, A.",fa252605-26f6-426c-9892-94d071c2c77f,NA,NA,tabuliformis,dceb8d52-094c-4c2c-8960-75e0097c6861,Kangding Xian,NA,Taxonomic status: accepted,PINACEAE,NA,NA,NA,NA,NA,Pinus tabuliformis var. tabuliformis
1020041378,1,34.73421,101.61649,,,,,,,,,,,,,,,,,,,,,,,,,,,,,,,,,,,,,,,,,,,,,,,,,,,,,,,,,,,,,,,,,,,,,,,,,,,,,,,,,,,,,,,,,,,
1020041378,2,36.661295,101.798976,,,,,,,,,,,,,,,,,,,,,,,,,,,,,,,,,,,,,,,,,,,,,,,,,,,,,,,,,,,,,,,,,,,,,,,,,,,,,,,,,,,,,,,,,,,
1020041378,3,36.873167,101.855632,,,,,,,,,,,,,,,,,,,,,,,,,,,,,,,,,,,,,,,,,,,,,,,,,,,,,,,,,,,,,,,,,,,,,,,,,,,,,,,,,,,,,,,,,,,
1020041378,4,35.270702,101.933372,,,,,,,,,,,,,,,,,,,,,,,,,,,,,,,,,,,,,,,,,,,,,,,,,,,,,,,,,,,,,,,,,,,,,,,,,,,,,,,,,,,,,,,,,,,
1020041378,5,30.066271,101.968918,,,,,,,,,,,,,,,,,,,,,,,,,,,,,,,,,,,,,,,,,,,,,,,,,,,,,,,,,,,,,,,,,,,,,,,,,,,,,,,,,,,,,,,,,,,
1020041378,6,36.5243,102.03598,,,,,,,,,,,,,,,,,,,,,,,,,,,,,,,,,,,,,,,,,,,,,,,,,,,,,,,,,,,,,,,,,,,,,,,,,,,,,,,,,,,,,,,,,,,
1020041378,7,28.55241,102.193279,,,,,,,,,,,,,,,,,,,,,,,,,,,,,,,,,,,,,,,,,,,,,,,,,,,,,,,,,,,,,,,,,,,,,,,,,,,,,,,,,,,,,,,,,,,
1020041378,8,31.895631,102.210102,,,,,,,,,,,,,,,,,,,,,,,,,,,,,,,,,,,,,,,,,,,,,,,,,,,,,,,,,,,,,,,,,,,,,,,,,,,,,,,,,,,,,,,,,,,
1020041378,9,27.863816,102.249241,,,,,,,,,,,,,,,,,,,,,,,,,,,,,,,,,,,,,,,,,,,,,,,,,,,,,,,,,,,,,,,,,,,,,,,,,,,,,,,,,,,,,,,,,,,
1020041378,10,29.912835,102.251473,,,,,,,,,,,,,,,,,,,,,,,,,,,,,,,,,,,,,,,,,,,,,,,,,,,,,,,,,,,,,,,,,,,,,,,,,,,,,,,,,,,,,,,,,,,
1020041378,11,32.772409,102.558746,,,,,,,,,,,,,,,,,,,,,,,,,,,,,,,,,,,,,,,,,,,,,,,,,,,,,,,,,,,,,,,,,,,,,,,,,,,,,,,,,,,,,,,,,,,
1020041378,12,30.060329,102.741566,,,,,,,,,,,,,,,,,,,,,,,,,,,,,,,,,,,,,,,,,,,,,,,,,,,,,,,,,,,,,,,,,,,,,,,,,,,,,,,,,,,,,,,,,,,
1020041378,13,30.359693,102.819843,,,,,,,,,,,,,,,,,,,,,,,,,,,,,,,,,,,,,,,,,,,,,,,,,,,,,,,,,,,,,,,,,,,,,,,,,,,,,,,,,,,,,,,,,,,
1020041378,14,33.583449,102.964382,,,,,,,,,,,,,,,,,,,,,,,,,,,,,,,,,,,,,,,,,,,,,,,,,,,,,,,,,,,,,,,,,,,,,,,,,,,,,,,,,,,,,,,,,,,
1020041378,15,34.05587,103.22175,,,,,,,,,,,,,,,,,,,,,,,,,,,,,,,,,,,,,,,,,,,,,,,,,,,,,,,,,,,,,,,,,,,,,,,,,,,,,,,,,,,,,,,,,,,
1020041378,16,36.739022,103.267536,,,,,,,,,,,,,,,,,,,,,,,,,,,,,,,,,,,,,,,,,,,,,,,,,,,,,,,,,,,,,,,,,,,,,,,,,,,,,,,,,,,,,,,,,,,
1020041378,17,35.36973,103.70894,,,,,,,,,,,,,,,,,,,,,,,,,,,,,,,,,,,,,,,,,,,,,,,,,,,,,,,,,,,,,,,,,,,,,,,,,,,,,,,,,,,,,,,,,,,
1020041378,18,36.10396,103.71878,,,,,,,,,,,,,,,,,,,,,,,,,,,,,,,,,,,,,,,,,,,,,,,,,,,,,,,,,,,,,,,,,,,,,,,,,,,,,,,,,,,,,,,,,,,
1020041378,19,36.10496,103.71678,,,,,,,,,,,,,,,,,,,,,,,,,,,,,,,,,,,,,,,,,,,,,,,,,,,,,,,,,,,,,,,,,,,,,,,,,,,,,,,,,,,,,,,,,,,
1020041378,20,31.676174,103.861656,,,,,,,,,,,,,,,,,,,,,,,,,,,,,,,,,,,,,,,,,,,,,,,,,,,,,,,,,,,,,,,,,,,,,,,,,,,,,,,,,,,,,,,,,,,
1020041378,21,35.827974,104.123268,,,,,,,,,,,,,,,,,,,,,,,,,,,,,,,,,,,,,,,,,,,,,,,,,,,,,,,,,,,,,,,,,,,,,,,,,,,,,,,,,,,,,,,,,,,
1020041378,22,36.049408,104.433632,,,,,,,,,,,,,,,,,,,,,,,,,,,,,,,,,,,,,,,,,,,,,,,,,,,,,,,,,,,,,,,,,,,,,,,,,,,,,,,,,,,,,,,,,,,
1020041378,23,35.578769,104.604634,,,,,,,,,,,,,,,,,,,,,,,,,,,,,,,,,,,,,,,,,,,,,,,,,,,,,,,,,,,,,,,,,,,,,,,,,,,,,,,,,,,,,,,,,,,
1020041378,24,34.718617,104.882784,,,,,,,,,,,,,,,,,,,,,,,,,,,,,,,,,,,,,,,,,,,,,,,,,,,,,,,,,,,,,,,,,,,,,,,,,,,,,,,,,,,,,,,,,,,
1020041378,25,33.386235,104.911886,,,,,,,,,,,,,,,,,,,,,,,,,,,,,,,,,,,,,,,,,,,,,,,,,,,,,,,,,,,,,,,,,,,,,,,,,,,,,,,,,,,,,,,,,,,
1020041378,26,38.871657,105.736713,,,,,,,,,,,,,,,,,,,,,,,,,,,,,,,,,,,,,,,,,,,,,,,,,,,,,,,,,,,,,,,,,,,,,,,,,,,,,,,,,,,,,,,,,,,
1020041378,27,32.657876,105.882282,,,,,,,,,,,,,,,,,,,,,,,,,,,,,,,,,,,,,,,,,,,,,,,,,,,,,,,,,,,,,,,,,,,,,,,,,,,,,,,,,,,,,,,,,,,
1020041378,28,34.57024,105.88965,,,,,,,,,,,,,,,,,,,,,,,,,,,,,,,,,,,,,,,,,,,,,,,,,,,,,,,,,,,,,,,,,,,,,,,,,,,,,,,,,,,,,,,,,,,
1020041378,29,38.50808,105.91919,,,,,,,,,,,,,,,,,,,,,,,,,,,,,,,,,,,,,,,,,,,,,,,,,,,,,,,,,,,,,,,,,,,,,,,,,,,,,,,,,,,,,,,,,,,
1020041378,30,36.27301,105.993217,,,,,,,,,,,,,,,,,,,,,,,,,,,,,,,,,,,,,,,,,,,,,,,,,,,,,,,,,,,,,,,,,,,,,,,,,,,,,,,,,,,,,,,,,,,
1020041378,31,34.81728,106.001381,,,,,,,,,,,,,,,,,,,,,,,,,,,,,,,,,,,,,,,,,,,,,,,,,,,,,,,,,,,,,,,,,,,,,,,,,,,,,,,,,,,,,,,,,,,
1020041378,32,34.361752,106.002518,,,,,,,,,,,,,,,,,,,,,,,,,,,,,,,,,,,,,,,,,,,,,,,,,,,,,,,,,,,,,,,,,,,,,,,,,,,,,,,,,,,,,,,,,,,
1020041378,33,38.841042,106.013031,,,,,,,,,,,,,,,,,,,,,,,,,,,,,,,,,,,,,,,,,,,,,,,,,,,,,,,,,,,,,,,,,,,,,,,,,,,,,,,,,,,,,,,,,,,
1020041378,34,33.76884,106.08785,,,,,,,,,,,,,,,,,,,,,,,,,,,,,,,,,,,,,,,,,,,,,,,,,,,,,,,,,,,,,,,,,,,,,,,,,,,,,,,,,,,,,,,,,,,
1020041378,35,35.987035,106.207591,,,,,,,,,,,,,,,,,,,,,,,,,,,,,,,,,,,,,,,,,,,,,,,,,,,,,,,,,,,,,,,,,,,,,,,,,,,,,,,,,,,,,,,,,,,
1020041378,36,35.685814,106.260463,,,,,,,,,,,,,,,,,,,,,,,,,,,,,,,,,,,,,,,,,,,,,,,,,,,,,,,,,,,,,,,,,,,,,,,,,,,,,,,,,,,,,,,,,,,
1020041378,37,38.548165,106.265259,,,,,,,,,,,,,,,,,,,,,,,,,,,,,,,,,,,,,,,,,,,,,,,,,,,,,,,,,,,,,,,,,,,,,,,,,,,,,,,,,,,,,,,,,,,
1020041378,38,35.981444,106.438991,,,,,,,,,,,,,,,,,,,,,,,,,,,,,,,,,,,,,,,,,,,,,,,,,,,,,,,,,,,,,,,,,,,,,,,,,,,,,,,,,,,,,,,,,,,
1020041378,39,35.46615,106.4666,,,,,,,,,,,,,,,,,,,,,,,,,,,,,,,,,,,,,,,,,,,,,,,,,,,,,,,,,,,,,,,,,,,,,,,,,,,,,,,,,,,,,,,,,,,
1020041378,40,35.99398,106.692902,,,,,,,,,,,,,,,,,,,,,,,,,,,,,,,,,,,,,,,,,,,,,,,,,,,,,,,,,,,,,,,,,,,,,,,,,,,,,,,,,,,,,,,,,,,
1020041378,41,39.429241,106.714951,,,,,,,,,,,,,,,,,,,,,,,,,,,,,,,,,,,,,,,,,,,,,,,,,,,,,,,,,,,,,,,,,,,,,,,,,,,,,,,,,,,,,,,,,,,
1020041378,42,35.552934,106.745235,,,,,,,,,,,,,,,,,,,,,,,,,,,,,,,,,,,,,,,,,,,,,,,,,,,,,,,,,,,,,,,,,,,,,,,,,,,,,,,,,,,,,,,,,,,
1020041378,43,33.717552,106.778893,,,,,,,,,,,,,,,,,,,,,,,,,,,,,,,,,,,,,,,,,,,,,,,,,,,,,,,,,,,,,,,,,,,,,,,,,,,,,,,,,,,,,,,,,,,
1020041378,44,32.329498,106.833458,,,,,,,,,,,,,,,,,,,,,,,,,,,,,,,,,,,,,,,,,,,,,,,,,,,,,,,,,,,,,,,,,,,,,,,,,,,,,,,,,,,,,,,,,,,
1020041378,45,32.989084,107.074471,,,,,,,,,,,,,,,,,,,,,,,,,,,,,,,,,,,,,,,,,,,,,,,,,,,,,,,,,,,,,,,,,,,,,,,,,,,,,,,,,,,,,,,,,,,
1020041378,46,34.580612,107.20919,,,,,,,,,,,,,,,,,,,,,,,,,,,,,,,,,,,,,,,,,,,,,,,,,,,,,,,,,,,,,,,,,,,,,,,,,,,,,,,,,,,,,,,,,,,
1020041378,47,34.06361,107.336254,,,,,,,,,,,,,,,,,,,,,,,,,,,,,,,,,,,,,,,,,,,,,,,,,,,,,,,,,,,,,,,,,,,,,,,,,,,,,,,,,,,,,,,,,,,
1020041378,48,33.105491,107.352219,,,,,,,,,,,,,,,,,,,,,,,,,,,,,,,,,,,,,,,,,,,,,,,,,,,,,,,,,,,,,,,,,,,,,,,,,,,,,,,,,,,,,,,,,,,
1020041378,49,37.824565,107.368355,,,,,,,,,,,,,,,,,,,,,,,,,,,,,,,,,,,,,,,,,,,,,,,,,,,,,,,,,,,,,,,,,,,,,,,,,,,,,,,,,,,,,,,,,,,
1020041378,50,40.754311,107.416229,,,,,,,,,,,,,,,,,,,,,,,,,,,,,,,,,,,,,,,,,,,,,,,,,,,,,,,,,,,,,,,,,,,,,,,,,,,,,,,,,,,,,,,,,,,
1020041378,51,35.728668,107.686592,,,,,,,,,,,,,,,,,,,,,,,,,,,,,,,,,,,,,,,,,,,,,,,,,,,,,,,,,,,,,,,,,,,,,,,,,,,,,,,,,,,,,,,,,,,
1020041378,52,35.733206,107.692119,,,,,,,,,,,,,,,,,,,,,,,,,,,,,,,,,,,,,,,,,,,,,,,,,,,,,,,,,,,,,,,,,,,,,,,,,,,,,,,,,,,,,,,,,,,
1020041378,53,34.260654,108.069176,,,,,,,,,,,,,,,,,,,,,,,,,,,,,,,,,,,,,,,,,,,,,,,,,,,,,,,,,,,,,,,,,,,,,,,,,,,,,,,,,,,,,,,,,,,
1020041378,54,34.263802,108.06926,,,,,,,,,,,,,,,,,,,,,,,,,,,,,,,,,,,,,,,,,,,,,,,,,,,,,,,,,,,,,,,,,,,,,,,,,,,,,,,,,,,,,,,,,,,
1020041378,55,33.432434,108.45295,,,,,,,,,,,,,,,,,,,,,,,,,,,,,,,,,,,,,,,,,,,,,,,,,,,,,,,,,,,,,,,,,,,,,,,,,,,,,,,,,,,,,,,,,,,
1020041378,56,41.563751,108.515099,,,,,,,,,,,,,,,,,,,,,,,,,,,,,,,,,,,,,,,,,,,,,,,,,,,,,,,,,,,,,,,,,,,,,,,,,,,,,,,,,,,,,,,,,,,
1020041378,57,35.877552,108.577377,,,,,,,,,,,,,,,,,,,,,,,,,,,,,,,,,,,,,,,,,,,,,,,,,,,,,,,,,,,,,,,,,,,,,,,,,,,,,,,,,,,,,,,,,,,
1020041378,58,34.258529,108.649979,,,,,,,,,,,,,,,,,,,,,,,,,,,,,,,,,,,,,,,,,,,,,,,,,,,,,,,,,,,,,,,,,,,,,,,,,,,,,,,,,,,,,,,,,,,
1020041378,59,31.946919,108.649979,,,,,,,,,,,,,,,,,,,,,,,,,,,,,,,,,,,,,,,,,,,,,,,,,,,,,,,,,,,,,,,,,,,,,,,,,,,,,,,,,,,,,,,,,,,
1020041378,60,34.022645,109.000511,,,,,,,,,,,,,,,,,,,,,,,,,,,,,,,,,,,,,,,,,,,,,,,,,,,,,,,,,,,,,,,,,,,,,,,,,,,,,,,,,,,,,,,,,,,
1020041378,61,33.421842,109.131661,,,,,,,,,,,,,,,,,,,,,,,,,,,,,,,,,,,,,,,,,,,,,,,,,,,,,,,,,,,,,,,,,,,,,,,,,,,,,,,,,,,,,,,,,,,
1020041378,62,36.86373,109.32897,,,,,,,,,,,,,,,,,,,,,,,,,,,,,,,,,,,,,,,,,,,,,,,,,,,,,,,,,,,,,,,,,,,,,,,,,,,,,,,,,,,,,,,,,,,
1020041378,63,36.86373,109.32897,,,,,,,,,,,,,,,,,,,,,,,,,,,,,,,,,,,,,,,,,,,,,,,,,,,,,,,,,,,,,,,,,,,,,,,,,,,,,,,,,,,,,,,,,,,
1020041378,64,32.827096,109.366665,,,,,,,,,,,,,,,,,,,,,,,,,,,,,,,,,,,,,,,,,,,,,,,,,,,,,,,,,,,,,,,,,,,,,,,,,,,,,,,,,,,,,,,,,,,
1020041378,65,32.379961,109.366665,,,,,,,,,,,,,,,,,,,,,,,,,,,,,,,,,,,,,,,,,,,,,,,,,,,,,,,,,,,,,,,,,,,,,,,,,,,,,,,,,,,,,,,,,,,
1020041378,66,36.628391,109.4217,,,,,,,,,,,,,,,,,,,,,,,,,,,,,,,,,,,,,,,,,,,,,,,,,,,,,,,,,,,,,,,,,,,,,,,,,,,,,,,,,,,,,,,,,,,
1020041378,67,34.492802,109.466705,,,,,,,,,,,,,,,,,,,,,,,,,,,,,,,,,,,,,,,,,,,,,,,,,,,,,,,,,,,,,,,,,,,,,,,,,,,,,,,,,,,,,,,,,,,
1020041378,68,31.386322,109.573689,,,,,,,,,,,,,,,,,,,,,,,,,,,,,,,,,,,,,,,,,,,,,,,,,,,,,,,,,,,,,,,,,,,,,,,,,,,,,,,,,,,,,,,,,,,
1020041378,69,37.14258,109.67538,,,,,,,,,,,,,,,,,,,,,,,,,,,,,,,,,,,,,,,,,,,,,,,,,,,,,,,,,,,,,,,,,,,,,,,,,,,,,,,,,,,,,,,,,,,
1020041378,70,30.606558,109.722519,,,,,,,,,,,,,,,,,,,,,,,,,,,,,,,,,,,,,,,,,,,,,,,,,,,,,,,,,,,,,,,,,,,,,,,,,,,,,,,,,,,,,,,,,,,
1020041378,71,34.51259,109.7719,,,,,,,,,,,,,,,,,,,,,,,,,,,,,,,,,,,,,,,,,,,,,,,,,,,,,,,,,,,,,,,,,,,,,,,,,,,,,,,,,,,,,,,,,,,
1020041378,72,34.51259,109.7719,,,,,,,,,,,,,,,,,,,,,,,,,,,,,,,,,,,,,,,,,,,,,,,,,,,,,,,,,,,,,,,,,,,,,,,,,,,,,,,,,,,,,,,,,,,
1020041378,73,30.187571,109.815437,,,,,,,,,,,,,,,,,,,,,,,,,,,,,,,,,,,,,,,,,,,,,,,,,,,,,,,,,,,,,,,,,,,,,,,,,,,,,,,,,,,,,,,,,,,
1020041378,74,35.58429,109.838791,,,,,,,,,,,,,,,,,,,,,,,,,,,,,,,,,,,,,,,,,,,,,,,,,,,,,,,,,,,,,,,,,,,,,,,,,,,,,,,,,,,,,,,,,,,
1020041378,75,40.65654,109.861137,,,,,,,,,,,,,,,,,,,,,,,,,,,,,,,,,,,,,,,,,,,,,,,,,,,,,,,,,,,,,,,,,,,,,,,,,,,,,,,,,,,,,,,,,,,
1020041378,76,33.562138,109.89109,,,,,,,,,,,,,,,,,,,,,,,,,,,,,,,,,,,,,,,,,,,,,,,,,,,,,,,,,,,,,,,,,,,,,,,,,,,,,,,,,,,,,,,,,,,
1020041378,77,33.857624,109.939502,,,,,,,,,,,,,,,,,,,,,,,,,,,,,,,,,,,,,,,,,,,,,,,,,,,,,,,,,,,,,,,,,,,,,,,,,,,,,,,,,,,,,,,,,,,
1020041378,78,39.087589,109.94416,,,,,,,,,,,,,,,,,,,,,,,,,,,,,,,,,,,,,,,,,,,,,,,,,,,,,,,,,,,,,,,,,,,,,,,,,,,,,,,,,,,,,,,,,,,
1020041378,79,34.531349,110.079742,,,,,,,,,,,,,,,,,,,,,,,,,,,,,,,,,,,,,,,,,,,,,,,,,,,,,,,,,,,,,,,,,,,,,,,,,,,,,,,,,,,,,,,,,,,
1020041378,80,34.060481,110.138969,,,,,,,,,,,,,,,,,,,,,,,,,,,,,,,,,,,,,,,,,,,,,,,,,,,,,,,,,,,,,,,,,,,,,,,,,,,,,,,,,,,,,,,,,,,
1020041378,81,40.557343,110.524239,,,,,,,,,,,,,,,,,,,,,,,,,,,,,,,,,,,,,,,,,,,,,,,,,,,,,,,,,,,,,,,,,,,,,,,,,,,,,,,,,,,,,,,,,,,
1020041378,82,31.749263,110.678158,,,,,,,,,,,,,,,,,,,,,,,,,,,,,,,,,,,,,,,,,,,,,,,,,,,,,,,,,,,,,,,,,,,,,,,,,,,,,,,,,,,,,,,,,,,
1020041378,83,39.645626,110.886276,,,,,,,,,,,,,,,,,,,,,,,,,,,,,,,,,,,,,,,,,,,,,,,,,,,,,,,,,,,,,,,,,,,,,,,,,,,,,,,,,,,,,,,,,,,
1020041378,84,34.124595,110.909042,,,,,,,,,,,,,,,,,,,,,,,,,,,,,,,,,,,,,,,,,,,,,,,,,,,,,,,,,,,,,,,,,,,,,,,,,,,,,,,,,,,,,,,,,,,
1020041378,85,31.062394,110.92388,,,,,,,,,,,,,,,,,,,,,,,,,,,,,,,,,,,,,,,,,,,,,,,,,,,,,,,,,,,,,,,,,,,,,,,,,,,,,,,,,,,,,,,,,,,
1020041378,86,36.693819,110.949383,,,,,,,,,,,,,,,,,,,,,,,,,,,,,,,,,,,,,,,,,,,,,,,,,,,,,,,,,,,,,,,,,,,,,,,,,,,,,,,,,,,,,,,,,,,
1020041378,87,38.456681,111.130571,,,,,,,,,,,,,,,,,,,,,,,,,,,,,,,,,,,,,,,,,,,,,,,,,,,,,,,,,,,,,,,,,,,,,,,,,,,,,,,,,,,,,,,,,,,
1020041378,88,40.723022,111.13562,,,,,,,,,,,,,,,,,,,,,,,,,,,,,,,,,,,,,,,,,,,,,,,,,,,,,,,,,,,,,,,,,,,,,,,,,,,,,,,,,,,,,,,,,,,
1020041378,89,40.733022,111.13762,,,,,,,,,,,,,,,,,,,,,,,,,,,,,,,,,,,,,,,,,,,,,,,,,,,,,,,,,,,,,,,,,,,,,,,,,,,,,,,,,,,,,,,,,,,
1020041378,90,37.326489,111.143532,,,,,,,,,,,,,,,,,,,,,,,,,,,,,,,,,,,,,,,,,,,,,,,,,,,,,,,,,,,,,,,,,,,,,,,,,,,,,,,,,,,,,,,,,,,
1020041378,91,37.51761,111.15081,,,,,,,,,,,,,,,,,,,,,,,,,,,,,,,,,,,,,,,,,,,,,,,,,,,,,,,,,,,,,,,,,,,,,,,,,,,,,,,,,,,,,,,,,,,
1020041378,92,39.899728,111.207562,,,,,,,,,,,,,,,,,,,,,,,,,,,,,,,,,,,,,,,,,,,,,,,,,,,,,,,,,,,,,,,,,,,,,,,,,,,,,,,,,,,,,,,,,,,
1020041378,93,37.892941,111.228933,,,,,,,,,,,,,,,,,,,,,,,,,,,,,,,,,,,,,,,,,,,,,,,,,,,,,,,,,,,,,,,,,,,,,,,,,,,,,,,,,,,,,,,,,,,
1020041378,94,31.87876,111.268587,,,,,,,,,,,,,,,,,,,,,,,,,,,,,,,,,,,,,,,,,,,,,,,,,,,,,,,,,,,,,,,,,,,,,,,,,,,,,,,,,,,,,,,,,,,
1020041378,95,33.760151,111.392891,,,,,,,,,,,,,,,,,,,,,,,,,,,,,,,,,,,,,,,,,,,,,,,,,,,,,,,,,,,,,,,,,,,,,,,,,,,,,,,,,,,,,,,,,,,
1020041378,96,38.70427,111.57296,,,,,,,,,,,,,,,,,,,,,,,,,,,,,,,,,,,,,,,,,,,,,,,,,,,,,,,,,,,,,,,,,,,,,,,,,,,,,,,,,,,,,,,,,,,
1020041378,97,36.093361,111.577063,,,,,,,,,,,,,,,,,,,,,,,,,,,,,,,,,,,,,,,,,,,,,,,,,,,,,,,,,,,,,,,,,,,,,,,,,,,,,,,,,,,,,,,,,,,
1020041378,98,36.08301,111.57873,,,,,,,,,,,,,,,,,,,,,,,,,,,,,,,,,,,,,,,,,,,,,,,,,,,,,,,,,,,,,,,,,,,,,,,,,,,,,,,,,,,,,,,,,,,
1020041378,99,40.80772,111.62299,,,,,,,,,,,,,,,,,,,,,,,,,,,,,,,,,,,,,,,,,,,,,,,,,,,,,,,,,,,,,,,,,,,,,,,,,,,,,,,,,,,,,,,,,,,
1020041378,100,35.75912,111.701946,,,,,,,,,,,,,,,,,,,,,,,,,,,,,,,,,,,,,,,,,,,,,,,,,,,,,,,,,,,,,,,,,,,,,,,,,,,,,,,,,,,,,,,,,,,
1020041378,101,33.618031,111.736107,,,,,,,,,,,,,,,,,,,,,,,,,,,,,,,,,,,,,,,,,,,,,,,,,,,,,,,,,,,,,,,,,,,,,,,,,,,,,,,,,,,,,,,,,,,
1020041378,102,33.019028,111.786919,,,,,,,,,,,,,,,,,,,,,,,,,,,,,,,,,,,,,,,,,,,,,,,,,,,,,,,,,,,,,,,,,,,,,,,,,,,,,,,,,,,,,,,,,,,
1020041378,103,38.91568,111.815157,,,,,,,,,,,,,,,,,,,,,,,,,,,,,,,,,,,,,,,,,,,,,,,,,,,,,,,,,,,,,,,,,,,,,,,,,,,,,,,,,,,,,,,,,,,
1020041378,104,37.015438,111.922188,,,,,,,,,,,,,,,,,,,,,,,,,,,,,,,,,,,,,,,,,,,,,,,,,,,,,,,,,,,,,,,,,,,,,,,,,,,,,,,,,,,,,,,,,,,
1020041378,105,34.107541,112.016945,,,,,,,,,,,,,,,,,,,,,,,,,,,,,,,,,,,,,,,,,,,,,,,,,,,,,,,,,,,,,,,,,,,,,,,,,,,,,,,,,,,,,,,,,,,
1020041378,106,37.57159,112.142086,,,,,,,,,,,,,,,,,,,,,,,,,,,,,,,,,,,,,,,,,,,,,,,,,,,,,,,,,,,,,,,,,,,,,,,,,,,,,,,,,,,,,,,,,,,
1020041378,107,35.700383,112.185431,,,,,,,,,,,,,,,,,,,,,,,,,,,,,,,,,,,,,,,,,,,,,,,,,,,,,,,,,,,,,,,,,,,,,,,,,,,,,,,,,,,,,,,,,,,
1020041378,108,35.699407,112.185774,,,,,,,,,,,,,,,,,,,,,,,,,,,,,,,,,,,,,,,,,,,,,,,,,,,,,,,,,,,,,,,,,,,,,,,,,,,,,,,,,,,,,,,,,,,
1020041378,109,33.702555,112.295466,,,,,,,,,,,,,,,,,,,,,,,,,,,,,,,,,,,,,,,,,,,,,,,,,,,,,,,,,,,,,,,,,,,,,,,,,,,,,,,,,,,,,,,,,,,
1020041378,110,37.709122,112.442009,,,,,,,,,,,,,,,,,,,,,,,,,,,,,,,,,,,,,,,,,,,,,,,,,,,,,,,,,,,,,,,,,,,,,,,,,,,,,,,,,,,,,,,,,,,
1020041378,111,37.710122,112.440009,,,,,,,,,,,,,,,,,,,,,,,,,,,,,,,,,,,,,,,,,,,,,,,,,,,,,,,,,,,,,,,,,,,,,,,,,,,,,,,,,,,,,,,,,,,
1020041378,112,34.70431,112.51078,,,,,,,,,,,,,,,,,,,,,,,,,,,,,,,,,,,,,,,,,,,,,,,,,,,,,,,,,,,,,,,,,,,,,,,,,,,,,,,,,,,,,,,,,,,
1020041378,113,33.00259,112.58728,,,,,,,,,,,,,,,,,,,,,,,,,,,,,,,,,,,,,,,,,,,,,,,,,,,,,,,,,,,,,,,,,,,,,,,,,,,,,,,,,,,,,,,,,,,
1020041378,114,37.403574,112.614327,,,,,,,,,,,,,,,,,,,,,,,,,,,,,,,,,,,,,,,,,,,,,,,,,,,,,,,,,,,,,,,,,,,,,,,,,,,,,,,,,,,,,,,,,,,
1020041378,115,33.706063,112.890701,,,,,,,,,,,,,,,,,,,,,,,,,,,,,,,,,,,,,,,,,,,,,,,,,,,,,,,,,,,,,,,,,,,,,,,,,,,,,,,,,,,,,,,,,,,
1020041378,116,34.631813,112.942314,,,,,,,,,,,,,,,,,,,,,,,,,,,,,,,,,,,,,,,,,,,,,,,,,,,,,,,,,,,,,,,,,,,,,,,,,,,,,,,,,,,,,,,,,,,
1020041378,117,36.19581,113.11649,,,,,,,,,,,,,,,,,,,,,,,,,,,,,,,,,,,,,,,,,,,,,,,,,,,,,,,,,,,,,,,,,,,,,,,,,,,,,,,,,,,,,,,,,,,
1020041378,118,33.1506,113.157349,,,,,,,,,,,,,,,,,,,,,,,,,,,,,,,,,,,,,,,,,,,,,,,,,,,,,,,,,,,,,,,,,,,,,,,,,,,,,,,,,,,,,,,,,,,
1020041378,119,40.017365,113.213158,,,,,,,,,,,,,,,,,,,,,,,,,,,,,,,,,,,,,,,,,,,,,,,,,,,,,,,,,,,,,,,,,,,,,,,,,,,,,,,,,,,,,,,,,,,
1020041378,120,39.126598,113.230591,,,,,,,,,,,,,,,,,,,,,,,,,,,,,,,,,,,,,,,,,,,,,,,,,,,,,,,,,,,,,,,,,,,,,,,,,,,,,,,,,,,,,,,,,,,
1020041378,121,35.264202,113.234798,,,,,,,,,,,,,,,,,,,,,,,,,,,,,,,,,,,,,,,,,,,,,,,,,,,,,,,,,,,,,,,,,,,,,,,,,,,,,,,,,,,,,,,,,,,
1020041378,122,35.762393,113.236084,,,,,,,,,,,,,,,,,,,,,,,,,,,,,,,,,,,,,,,,,,,,,,,,,,,,,,,,,,,,,,,,,,,,,,,,,,,,,,,,,,,,,,,,,,,
1020041378,123,38.721412,113.295822,,,,,,,,,,,,,,,,,,,,,,,,,,,,,,,,,,,,,,,,,,,,,,,,,,,,,,,,,,,,,,,,,,,,,,,,,,,,,,,,,,,,,,,,,,,
1020041378,124,37.091404,113.362856,,,,,,,,,,,,,,,,,,,,,,,,,,,,,,,,,,,,,,,,,,,,,,,,,,,,,,,,,,,,,,,,,,,,,,,,,,,,,,,,,,,,,,,,,,,
1020041378,125,35.229986,113.479167,,,,,,,,,,,,,,,,,,,,,,,,,,,,,,,,,,,,,,,,,,,,,,,,,,,,,,,,,,,,,,,,,,,,,,,,,,,,,,,,,,,,,,,,,,,
1020041378,126,34.73518,113.533737,,,,,,,,,,,,,,,,,,,,,,,,,,,,,,,,,,,,,,,,,,,,,,,,,,,,,,,,,,,,,,,,,,,,,,,,,,,,,,,,,,,,,,,,,,,
1020041378,127,39.303974,113.568031,,,,,,,,,,,,,,,,,,,,,,,,,,,,,,,,,,,,,,,,,,,,,,,,,,,,,,,,,,,,,,,,,,,,,,,,,,,,,,,,,,,,,,,,,,,
1020041378,128,38.972832,113.571281,,,,,,,,,,,,,,,,,,,,,,,,,,,,,,,,,,,,,,,,,,,,,,,,,,,,,,,,,,,,,,,,,,,,,,,,,,,,,,,,,,,,,,,,,,,
1020041378,129,36.16597,113.725868,,,,,,,,,,,,,,,,,,,,,,,,,,,,,,,,,,,,,,,,,,,,,,,,,,,,,,,,,,,,,,,,,,,,,,,,,,,,,,,,,,,,,,,,,,,
1020041378,130,35.538093,113.831062,,,,,,,,,,,,,,,,,,,,,,,,,,,,,,,,,,,,,,,,,,,,,,,,,,,,,,,,,,,,,,,,,,,,,,,,,,,,,,,,,,,,,,,,,,,
1020041378,131,36.810807,113.84913,,,,,,,,,,,,,,,,,,,,,,,,,,,,,,,,,,,,,,,,,,,,,,,,,,,,,,,,,,,,,,,,,,,,,,,,,,,,,,,,,,,,,,,,,,,
1020041378,132,40.07373,113.930359,,,,,,,,,,,,,,,,,,,,,,,,,,,,,,,,,,,,,,,,,,,,,,,,,,,,,,,,,,,,,,,,,,,,,,,,,,,,,,,,,,,,,,,,,,,
1020041378,133,35.051052,113.981712,,,,,,,,,,,,,,,,,,,,,,,,,,,,,,,,,,,,,,,,,,,,,,,,,,,,,,,,,,,,,,,,,,,,,,,,,,,,,,,,,,,,,,,,,,,
1020041378,134,32.11782,114.048042,,,,,,,,,,,,,,,,,,,,,,,,,,,,,,,,,,,,,,,,,,,,,,,,,,,,,,,,,,,,,,,,,,,,,,,,,,,,,,,,,,,,,,,,,,,
1020041378,135,40.11512,114.163551,,,,,,,,,,,,,,,,,,,,,,,,,,,,,,,,,,,,,,,,,,,,,,,,,,,,,,,,,,,,,,,,,,,,,,,,,,,,,,,,,,,,,,,,,,,
1020041378,136,39.386591,114.209061,,,,,,,,,,,,,,,,,,,,,,,,,,,,,,,,,,,,,,,,,,,,,,,,,,,,,,,,,,,,,,,,,,,,,,,,,,,,,,,,,,,,,,,,,,,
1020041378,137,34.78861,114.34816,,,,,,,,,,,,,,,,,,,,,,,,,,,,,,,,,,,,,,,,,,,,,,,,,,,,,,,,,,,,,,,,,,,,,,,,,,,,,,,,,,,,,,,,,,,
1020041378,138,36.698705,114.400635,,,,,,,,,,,,,,,,,,,,,,,,,,,,,,,,,,,,,,,,,,,,,,,,,,,,,,,,,,,,,,,,,,,,,,,,,,,,,,,,,,,,,,,,,,,
1020041378,139,38.108063,114.417213,,,,,,,,,,,,,,,,,,,,,,,,,,,,,,,,,,,,,,,,,,,,,,,,,,,,,,,,,,,,,,,,,,,,,,,,,,,,,,,,,,,,,,,,,,,
1020041378,140,37.101741,114.544144,,,,,,,,,,,,,,,,,,,,,,,,,,,,,,,,,,,,,,,,,,,,,,,,,,,,,,,,,,,,,,,,,,,,,,,,,,,,,,,,,,,,,,,,,,,
1020041378,141,37.992916,114.668427,,,,,,,,,,,,,,,,,,,,,,,,,,,,,,,,,,,,,,,,,,,,,,,,,,,,,,,,,,,,,,,,,,,,,,,,,,,,,,,,,,,,,,,,,,,
1020041378,142,31.629999,114.841118,,,,,,,,,,,,,,,,,,,,,,,,,,,,,,,,,,,,,,,,,,,,,,,,,,,,,,,,,,,,,,,,,,,,,,,,,,,,,,,,,,,,,,,,,,,
1020041378,143,40.668949,114.925041,,,,,,,,,,,,,,,,,,,,,,,,,,,,,,,,,,,,,,,,,,,,,,,,,,,,,,,,,,,,,,,,,,,,,,,,,,,,,,,,,,,,,,,,,,,
1020041378,144,40.668949,114.925041,,,,,,,,,,,,,,,,,,,,,,,,,,,,,,,,,,,,,,,,,,,,,,,,,,,,,,,,,,,,,,,,,,,,,,,,,,,,,,,,,,,,,,,,,,,
1020041378,145,40.046921,114.976349,,,,,,,,,,,,,,,,,,,,,,,,,,,,,,,,,,,,,,,,,,,,,,,,,,,,,,,,,,,,,,,,,,,,,,,,,,,,,,,,,,,,,,,,,,,
1020041378,146,40.38003,115.21962,,,,,,,,,,,,,,,,,,,,,,,,,,,,,,,,,,,,,,,,,,,,,,,,,,,,,,,,,,,,,,,,,,,,,,,,,,,,,,,,,,,,,,,,,,,
1020041378,147,40.39003,115.22062,,,,,,,,,,,,,,,,,,,,,,,,,,,,,,,,,,,,,,,,,,,,,,,,,,,,,,,,,,,,,,,,,,,,,,,,,,,,,,,,,,,,,,,,,,,
1020041378,148,40.980935,115.356445,,,,,,,,,,,,,,,,,,,,,,,,,,,,,,,,,,,,,,,,,,,,,,,,,,,,,,,,,,,,,,,,,,,,,,,,,,,,,,,,,,,,,,,,,,,
1020041378,149,39.34926,115.49846,,,,,,,,,,,,,,,,,,,,,,,,,,,,,,,,,,,,,,,,,,,,,,,,,,,,,,,,,,,,,,,,,,,,,,,,,,,,,,,,,,,,,,,,,,,
1020041378,150,40.000215,115.500023,,,,,,,,,,,,,,,,,,,,,,,,,,,,,,,,,,,,,,,,,,,,,,,,,,,,,,,,,,,,,,,,,,,,,,,,,,,,,,,,,,,,,,,,,,,
1020041378,151,38.868061,115.528313,,,,,,,,,,,,,,,,,,,,,,,,,,,,,,,,,,,,,,,,,,,,,,,,,,,,,,,,,,,,,,,,,,,,,,,,,,,,,,,,,,,,,,,,,,,
1020041378,152,35.308762,115.551422,,,,,,,,,,,,,,,,,,,,,,,,,,,,,,,,,,,,,,,,,,,,,,,,,,,,,,,,,,,,,,,,,,,,,,,,,,,,,,,,,,,,,,,,,,,
1020041378,153,35.07095,115.57298,,,,,,,,,,,,,,,,,,,,,,,,,,,,,,,,,,,,,,,,,,,,,,,,,,,,,,,,,,,,,,,,,,,,,,,,,,,,,,,,,,,,,,,,,,,
1020041378,154,28.762016,115.77943,,,,,,,,,,,,,,,,,,,,,,,,,,,,,,,,,,,,,,,,,,,,,,,,,,,,,,,,,,,,,,,,,,,,,,,,,,,,,,,,,,,,,,,,,,,
1020041378,155,39.59538,115.847398,,,,,,,,,,,,,,,,,,,,,,,,,,,,,,,,,,,,,,,,,,,,,,,,,,,,,,,,,,,,,,,,,,,,,,,,,,,,,,,,,,,,,,,,,,,
1020041378,156,40.45678,115.97503,,,,,,,,,,,,,,,,,,,,,,,,,,,,,,,,,,,,,,,,,,,,,,,,,,,,,,,,,,,,,,,,,,,,,,,,,,,,,,,,,,,,,,,,,,,
1020041378,157,40.45678,115.97503,,,,,,,,,,,,,,,,,,,,,,,,,,,,,,,,,,,,,,,,,,,,,,,,,,,,,,,,,,,,,,,,,,,,,,,,,,,,,,,,,,,,,,,,,,,
1020041378,158,40.456091,115.975328,,,,,,,,,,,,,,,,,,,,,,,,,,,,,,,,,,,,,,,,,,,,,,,,,,,,,,,,,,,,,,,,,,,,,,,,,,,,,,,,,,,,,,,,,,,
1020041378,159,40.205181,116.00193,,,,,,,,,,,,,,,,,,,,,,,,,,,,,,,,,,,,,,,,,,,,,,,,,,,,,,,,,,,,,,,,,,,,,,,,,,,,,,,,,,,,,,,,,,,
1020041378,160,29.643099,116.03966,,,,,,,,,,,,,,,,,,,,,,,,,,,,,,,,,,,,,,,,,,,,,,,,,,,,,,,,,,,,,,,,,,,,,,,,,,,,,,,,,,,,,,,,,,,
1020041378,161,39.870811,116.086479,,,,,,,,,,,,,,,,,,,,,,,,,,,,,,,,,,,,,,,,,,,,,,,,,,,,,,,,,,,,,,,,,,,,,,,,,,,,,,,,,,,,,,,,,,,
1020041378,162,36.116965,116.139312,,,,,,,,,,,,,,,,,,,,,,,,,,,,,,,,,,,,,,,,,,,,,,,,,,,,,,,,,,,,,,,,,,,,,,,,,,,,,,,,,,,,,,,,,,,
1020041378,163,36.370433,116.257668,,,,,,,,,,,,,,,,,,,,,,,,,,,,,,,,,,,,,,,,,,,,,,,,,,,,,,,,,,,,,,,,,,,,,,,,,,,,,,,,,,,,,,,,,,,
1020041378,164,40.535786,116.449585,,,,,,,,,,,,,,,,,,,,,,,,,,,,,,,,,,,,,,,,,,,,,,,,,,,,,,,,,,,,,,,,,,,,,,,,,,,,,,,,,,,,,,,,,,,
1020041378,165,35.4082,116.59649,,,,,,,,,,,,,,,,,,,,,,,,,,,,,,,,,,,,,,,,,,,,,,,,,,,,,,,,,,,,,,,,,,,,,,,,,,,,,,,,,,,,,,,,,,,
1020041378,166,35.4082,116.59649,,,,,,,,,,,,,,,,,,,,,,,,,,,,,,,,,,,,,,,,,,,,,,,,,,,,,,,,,,,,,,,,,,,,,,,,,,,,,,,,,,,,,,,,,,,
1020041378,167,40.91531,116.606842,,,,,,,,,,,,,,,,,,,,,,,,,,,,,,,,,,,,,,,,,,,,,,,,,,,,,,,,,,,,,,,,,,,,,,,,,,,,,,,,,,,,,,,,,,,
1020041378,168,40.178226,116.610764,,,,,,,,,,,,,,,,,,,,,,,,,,,,,,,,,,,,,,,,,,,,,,,,,,,,,,,,,,,,,,,,,,,,,,,,,,,,,,,,,,,,,,,,,,,
1020041378,169,36.284135,116.615067,,,,,,,,,,,,,,,,,,,,,,,,,,,,,,,,,,,,,,,,,,,,,,,,,,,,,,,,,,,,,,,,,,,,,,,,,,,,,,,,,,,,,,,,,,,
1020041378,170,40.398746,116.651115,,,,,,,,,,,,,,,,,,,,,,,,,,,,,,,,,,,,,,,,,,,,,,,,,,,,,,,,,,,,,,,,,,,,,,,,,,,,,,,,,,,,,,,,,,,
1020041378,171,36.55358,116.75199,,,,,,,,,,,,,,,,,,,,,,,,,,,,,,,,,,,,,,,,,,,,,,,,,,,,,,,,,,,,,,,,,,,,,,,,,,,,,,,,,,,,,,,,,,,
1020041378,172,41.160702,116.759941,,,,,,,,,,,,,,,,,,,,,,,,,,,,,,,,,,,,,,,,,,,,,,,,,,,,,,,,,,,,,,,,,,,,,,,,,,,,,,,,,,,,,,,,,,,
1020041378,173,40.627995,116.760994,,,,,,,,,,,,,,,,,,,,,,,,,,,,,,,,,,,,,,,,,,,,,,,,,,,,,,,,,,,,,,,,,,,,,,,,,,,,,,,,,,,,,,,,,,,
1020041378,174,40.248008,116.920259,,,,,,,,,,,,,,,,,,,,,,,,,,,,,,,,,,,,,,,,,,,,,,,,,,,,,,,,,,,,,,,,,,,,,,,,,,,,,,,,,,,,,,,,,,,
1020041378,175,35.40522,117.00385,,,,,,,,,,,,,,,,,,,,,,,,,,,,,,,,,,,,,,,,,,,,,,,,,,,,,,,,,,,,,,,,,,,,,,,,,,,,,,,,,,,,,,,,,,,
1020041378,176,30.51227,117.03424,,,,,,,,,,,,,,,,,,,,,,,,,,,,,,,,,,,,,,,,,,,,,,,,,,,,,,,,,,,,,,,,,,,,,,,,,,,,,,,,,,,,,,,,,,,
1020041378,177,36.19198,117.13526,,,,,,,,,,,,,,,,,,,,,,,,,,,,,,,,,,,,,,,,,,,,,,,,,,,,,,,,,,,,,,,,,,,,,,,,,,,,,,,,,,,,,,,,,,,
1020041378,178,36.19398,117.13326,,,,,,,,,,,,,,,,,,,,,,,,,,,,,,,,,,,,,,,,,,,,,,,,,,,,,,,,,,,,,,,,,,,,,,,,,,,,,,,,,,,,,,,,,,,
1020041378,179,36.430367,117.236748,,,,,,,,,,,,,,,,,,,,,,,,,,,,,,,,,,,,,,,,,,,,,,,,,,,,,,,,,,,,,,,,,,,,,,,,,,,,,,,,,,,,,,,,,,,
1020041378,180,35.66471,117.25216,,,,,,,,,,,,,,,,,,,,,,,,,,,,,,,,,,,,,,,,,,,,,,,,,,,,,,,,,,,,,,,,,,,,,,,,,,,,,,,,,,,,,,,,,,,
1020041378,181,39.648163,117.335371,,,,,,,,,,,,,,,,,,,,,,,,,,,,,,,,,,,,,,,,,,,,,,,,,,,,,,,,,,,,,,,,,,,,,,,,,,,,,,,,,,,,,,,,,,,
1020041378,182,40.04562,117.344981,,,,,,,,,,,,,,,,,,,,,,,,,,,,,,,,,,,,,,,,,,,,,,,,,,,,,,,,,,,,,,,,,,,,,,,,,,,,,,,,,,,,,,,,,,,
1020041378,183,40.6353,117.379204,,,,,,,,,,,,,,,,,,,,,,,,,,,,,,,,,,,,,,,,,,,,,,,,,,,,,,,,,,,,,,,,,,,,,,,,,,,,,,,,,,,,,,,,,,,
1020041378,184,40.953715,117.394066,,,,,,,,,,,,,,,,,,,,,,,,,,,,,,,,,,,,,,,,,,,,,,,,,,,,,,,,,,,,,,,,,,,,,,,,,,,,,,,,,,,,,,,,,,,
1020041378,185,35.09963,117.4613,,,,,,,,,,,,,,,,,,,,,,,,,,,,,,,,,,,,,,,,,,,,,,,,,,,,,,,,,,,,,,,,,,,,,,,,,,,,,,,,,,,,,,,,,,,
1020041378,186,40.41727,117.50076,,,,,,,,,,,,,,,,,,,,,,,,,,,,,,,,,,,,,,,,,,,,,,,,,,,,,,,,,,,,,,,,,,,,,,,,,,,,,,,,,,,,,,,,,,,
1020041378,187,36.37886,117.512848,,,,,,,,,,,,,,,,,,,,,,,,,,,,,,,,,,,,,,,,,,,,,,,,,,,,,,,,,,,,,,,,,,,,,,,,,,,,,,,,,,,,,,,,,,,
1020041378,188,36.37886,117.512848,,,,,,,,,,,,,,,,,,,,,,,,,,,,,,,,,,,,,,,,,,,,,,,,,,,,,,,,,,,,,,,,,,,,,,,,,,,,,,,,,,,,,,,,,,,
1020041378,189,43.248422,117.545471,,,,,,,,,,,,,,,,,,,,,,,,,,,,,,,,,,,,,,,,,,,,,,,,,,,,,,,,,,,,,,,,,,,,,,,,,,,,,,,,,,,,,,,,,,,
1020041378,190,36.641427,117.564011,,,,,,,,,,,,,,,,,,,,,,,,,,,,,,,,,,,,,,,,,,,,,,,,,,,,,,,,,,,,,,,,,,,,,,,,,,,,,,,,,,,,,,,,,,,
1020041378,191,41.31381,117.73897,,,,,,,,,,,,,,,,,,,,,,,,,,,,,,,,,,,,,,,,,,,,,,,,,,,,,,,,,,,,,,,,,,,,,,,,,,,,,,,,,,,,,,,,,,,
1020041378,192,41.93846,117.76016,,,,,,,,,,,,,,,,,,,,,,,,,,,,,,,,,,,,,,,,,,,,,,,,,,,,,,,,,,,,,,,,,,,,,,,,,,,,,,,,,,,,,,,,,,,
1020041378,193,40.859525,117.777557,,,,,,,,,,,,,,,,,,,,,,,,,,,,,,,,,,,,,,,,,,,,,,,,,,,,,,,,,,,,,,,,,,,,,,,,,,,,,,,,,,,,,,,,,,,
1020041378,194,42.119911,117.892242,,,,,,,,,,,,,,,,,,,,,,,,,,,,,,,,,,,,,,,,,,,,,,,,,,,,,,,,,,,,,,,,,,,,,,,,,,,,,,,,,,,,,,,,,,,
1020041378,195,36.565622,117.94532,,,,,,,,,,,,,,,,,,,,,,,,,,,,,,,,,,,,,,,,,,,,,,,,,,,,,,,,,,,,,,,,,,,,,,,,,,,,,,,,,,,,,,,,,,,
1020041378,196,41.01659,117.952591,,,,,,,,,,,,,,,,,,,,,,,,,,,,,,,,,,,,,,,,,,,,,,,,,,,,,,,,,,,,,,,,,,,,,,,,,,,,,,,,,,,,,,,,,,,
1020041378,197,30.281787,118.05772,,,,,,,,,,,,,,,,,,,,,,,,,,,,,,,,,,,,,,,,,,,,,,,,,,,,,,,,,,,,,,,,,,,,,,,,,,,,,,,,,,,,,,,,,,,
1020041378,198,36.236797,118.152123,,,,,,,,,,,,,,,,,,,,,,,,,,,,,,,,,,,,,,,,,,,,,,,,,,,,,,,,,,,,,,,,,,,,,,,,,,,,,,,,,,,,,,,,,,,
1020041378,199,40.764874,118.171783,,,,,,,,,,,,,,,,,,,,,,,,,,,,,,,,,,,,,,,,,,,,,,,,,,,,,,,,,,,,,,,,,,,,,,,,,,,,,,,,,,,,,,,,,,,
1020041378,200,39.605492,118.177483,,,,,,,,,,,,,,,,,,,,,,,,,,,,,,,,,,,,,,,,,,,,,,,,,,,,,,,,,,,,,,,,,,,,,,,,,,,,,,,,,,,,,,,,,,,
1020041378,201,34.921291,118.262169,,,,,,,,,,,,,,,,,,,,,,,,,,,,,,,,,,,,,,,,,,,,,,,,,,,,,,,,,,,,,,,,,,,,,,,,,,,,,,,,,,,,,,,,,,,
1020041378,202,35.647503,118.437912,,,,,,,,,,,,,,,,,,,,,,,,,,,,,,,,,,,,,,,,,,,,,,,,,,,,,,,,,,,,,,,,,,,,,,,,,,,,,,,,,,,,,,,,,,,
1020041378,203,41.00174,118.4505,,,,,,,,,,,,,,,,,,,,,,,,,,,,,,,,,,,,,,,,,,,,,,,,,,,,,,,,,,,,,,,,,,,,,,,,,,,,,,,,,,,,,,,,,,,
1020041378,204,36.85462,118.45211,,,,,,,,,,,,,,,,,,,,,,,,,,,,,,,,,,,,,,,,,,,,,,,,,,,,,,,,,,,,,,,,,,,,,,,,,,,,,,,,,,,,,,,,,,,
1020041378,205,39.286035,118.483432,,,,,,,,,,,,,,,,,,,,,,,,,,,,,,,,,,,,,,,,,,,,,,,,,,,,,,,,,,,,,,,,,,,,,,,,,,,,,,,,,,,,,,,,,,,
1020041378,206,39.554354,118.496475,,,,,,,,,,,,,,,,,,,,,,,,,,,,,,,,,,,,,,,,,,,,,,,,,,,,,,,,,,,,,,,,,,,,,,,,,,,,,,,,,,,,,,,,,,,
1020041378,207,36.51231,118.543,,,,,,,,,,,,,,,,,,,,,,,,,,,,,,,,,,,,,,,,,,,,,,,,,,,,,,,,,,,,,,,,,,,,,,,,,,,,,,,,,,,,,,,,,,,
1020041378,208,42.338772,118.691437,,,,,,,,,,,,,,,,,,,,,,,,,,,,,,,,,,,,,,,,,,,,,,,,,,,,,,,,,,,,,,,,,,,,,,,,,,,,,,,,,,,,,,,,,,,
1020041378,209,41.01797,118.70065,,,,,,,,,,,,,,,,,,,,,,,,,,,,,,,,,,,,,,,,,,,,,,,,,,,,,,,,,,,,,,,,,,,,,,,,,,,,,,,,,,,,,,,,,,,
1020041378,210,41.015973,118.712307,,,,,,,,,,,,,,,,,,,,,,,,,,,,,,,,,,,,,,,,,,,,,,,,,,,,,,,,,,,,,,,,,,,,,,,,,,,,,,,,,,,,,,,,,,,
1020041378,211,35.57997,118.83687,,,,,,,,,,,,,,,,,,,,,,,,,,,,,,,,,,,,,,,,,,,,,,,,,,,,,,,,,,,,,,,,,,,,,,,,,,,,,,,,,,,,,,,,,,,
1020041378,212,42.277342,119.006312,,,,,,,,,,,,,,,,,,,,,,,,,,,,,,,,,,,,,,,,,,,,,,,,,,,,,,,,,,,,,,,,,,,,,,,,,,,,,,,,,,,,,,,,,,,
1020041378,213,41.57085,119.170181,,,,,,,,,,,,,,,,,,,,,,,,,,,,,,,,,,,,,,,,,,,,,,,,,,,,,,,,,,,,,,,,,,,,,,,,,,,,,,,,,,,,,,,,,,,
1020041378,214,35.572449,119.177628,,,,,,,,,,,,,,,,,,,,,,,,,,,,,,,,,,,,,,,,,,,,,,,,,,,,,,,,,,,,,,,,,,,,,,,,,,,,,,,,,,,,,,,,,,,
1020041378,215,39.87634,119.24444,,,,,,,,,,,,,,,,,,,,,,,,,,,,,,,,,,,,,,,,,,,,,,,,,,,,,,,,,,,,,,,,,,,,,,,,,,,,,,,,,,,,,,,,,,,
1020041378,216,36.85884,119.39862,,,,,,,,,,,,,,,,,,,,,,,,,,,,,,,,,,,,,,,,,,,,,,,,,,,,,,,,,,,,,,,,,,,,,,,,,,,,,,,,,,,,,,,,,,,
1020041378,217,39.83507,119.48458,,,,,,,,,,,,,,,,,,,,,,,,,,,,,,,,,,,,,,,,,,,,,,,,,,,,,,,,,,,,,,,,,,,,,,,,,,,,,,,,,,,,,,,,,,,
1020041378,218,41.12738,119.74048,,,,,,,,,,,,,,,,,,,,,,,,,,,,,,,,,,,,,,,,,,,,,,,,,,,,,,,,,,,,,,,,,,,,,,,,,,,,,,,,,,,,,,,,,,,
1020041378,219,36.570232,120.108078,,,,,,,,,,,,,,,,,,,,,,,,,,,,,,,,,,,,,,,,,,,,,,,,,,,,,,,,,,,,,,,,,,,,,,,,,,,,,,,,,,,,,,,,,,,
1020041378,220,36.342112,120.200111,,,,,,,,,,,,,,,,,,,,,,,,,,,,,,,,,,,,,,,,,,,,,,,,,,,,,,,,,,,,,,,,,,,,,,,,,,,,,,,,,,,,,,,,,,,
1020041378,221,36.38932,120.44715,,,,,,,,,,,,,,,,,,,,,,,,,,,,,,,,,,,,,,,,,,,,,,,,,,,,,,,,,,,,,,,,,,,,,,,,,,,,,,,,,,,,,,,,,,,
1020041378,222,36.10811,120.46803,,,,,,,,,,,,,,,,,,,,,,,,,,,,,,,,,,,,,,,,,,,,,,,,,,,,,,,,,,,,,,,,,,,,,,,,,,,,,,,,,,,,,,,,,,,
1020041378,223,37.547027,120.49118,,,,,,,,,,,,,,,,,,,,,,,,,,,,,,,,,,,,,,,,,,,,,,,,,,,,,,,,,,,,,,,,,,,,,,,,,,,,,,,,,,,,,,,,,,,
1020041378,224,37.738585,120.626342,,,,,,,,,,,,,,,,,,,,,,,,,,,,,,,,,,,,,,,,,,,,,,,,,,,,,,,,,,,,,,,,,,,,,,,,,,,,,,,,,,,,,,,,,,,
1020041378,225,37.063396,120.683441,,,,,,,,,,,,,,,,,,,,,,,,,,,,,,,,,,,,,,,,,,,,,,,,,,,,,,,,,,,,,,,,,,,,,,,,,,,,,,,,,,,,,,,,,,,
1020041378,226,37.33592,120.84956,,,,,,,,,,,,,,,,,,,,,,,,,,,,,,,,,,,,,,,,,,,,,,,,,,,,,,,,,,,,,,,,,,,,,,,,,,,,,,,,,,,,,,,,,,,
1020041378,227,38.895691,121.358429,,,,,,,,,,,,,,,,,,,,,,,,,,,,,,,,,,,,,,,,,,,,,,,,,,,,,,,,,,,,,,,,,,,,,,,,,,,,,,,,,,,,,,,,,,,
1020041378,228,42.00025,121.578266,,,,,,,,,,,,,,,,,,,,,,,,,,,,,,,,,,,,,,,,,,,,,,,,,,,,,,,,,,,,,,,,,,,,,,,,,,,,,,,,,,,,,,,,,,,
1020041378,229,41.608548,121.719782,,,,,,,,,,,,,,,,,,,,,,,,,,,,,,,,,,,,,,,,,,,,,,,,,,,,,,,,,,,,,,,,,,,,,,,,,,,,,,,,,,,,,,,,,,,
1020041378,230,39.017335,121.80999,,,,,,,,,,,,,,,,,,,,,,,,,,,,,,,,,,,,,,,,,,,,,,,,,,,,,,,,,,,,,,,,,,,,,,,,,,,,,,,,,,,,,,,,,,,
1020041378,231,41.93792,121.851891,,,,,,,,,,,,,,,,,,,,,,,,,,,,,,,,,,,,,,,,,,,,,,,,,,,,,,,,,,,,,,,,,,,,,,,,,,,,,,,,,,,,,,,,,,,
1020041378,232,46.080082,122.038579,,,,,,,,,,,,,,,,,,,,,,,,,,,,,,,,,,,,,,,,,,,,,,,,,,,,,,,,,,,,,,,,,,,,,,,,,,,,,,,,,,,,,,,,,,,
1020041378,233,37.447061,122.080421,,,,,,,,,,,,,,,,,,,,,,,,,,,,,,,,,,,,,,,,,,,,,,,,,,,,,,,,,,,,,,,,,,,,,,,,,,,,,,,,,,,,,,,,,,,
1020041378,234,43.62244,122.25615,,,,,,,,,,,,,,,,,,,,,,,,,,,,,,,,,,,,,,,,,,,,,,,,,,,,,,,,,,,,,,,,,,,,,,,,,,,,,,,,,,,,,,,,,,,
1020041378,235,41.06462,122.95412,,,,,,,,,,,,,,,,,,,,,,,,,,,,,,,,,,,,,,,,,,,,,,,,,,,,,,,,,,,,,,,,,,,,,,,,,,,,,,,,,,,,,,,,,,,
1020041378,236,42.025501,123.726105,,,,,,,,,,,,,,,,,,,,,,,,,,,,,,,,,,,,,,,,,,,,,,,,,,,,,,,,,,,,,,,,,,,,,,,,,,,,,,,,,,,,,,,,,,,
1020041378,237,41.31877,123.81895,,,,,,,,,,,,,,,,,,,,,,,,,,,,,,,,,,,,,,,,,,,,,,,,,,,,,,,,,,,,,,,,,,,,,,,,,,,,,,,,,,,,,,,,,,,
1020041378,238,41.308756,123.816945,,,,,,,,,,,,,,,,,,,,,,,,,,,,,,,,,,,,,,,,,,,,,,,,,,,,,,,,,,,,,,,,,,,,,,,,,,,,,,,,,,,,,,,,,,,
1020041378,239,41.30977,123.821495,,,,,,,,,,,,,,,,,,,,,,,,,,,,,,,,,,,,,,,,,,,,,,,,,,,,,,,,,,,,,,,,,,,,,,,,,,,,,,,,,,,,,,,,,,,
1020041378,240,42.283131,123.868179,,,,,,,,,,,,,,,,,,,,,,,,,,,,,,,,,,,,,,,,,,,,,,,,,,,,,,,,,,,,,,,,,,,,,,,,,,,,,,,,,,,,,,,,,,,
1020041378,241,42.546315,124.038091,,,,,,,,,,,,,,,,,,,,,,,,,,,,,,,,,,,,,,,,,,,,,,,,,,,,,,,,,,,,,,,,,,,,,,,,,,,,,,,,,,,,,,,,,,,
1020041378,242,40.453461,124.078857,,,,,,,,,,,,,,,,,,,,,,,,,,,,,,,,,,,,,,,,,,,,,,,,,,,,,,,,,,,,,,,,,,,,,,,,,,,,,,,,,,,,,,,,,,,
1020041378,243,40.767542,124.742889,,,,,,,,,,,,,,,,,,,,,,,,,,,,,,,,,,,,,,,,,,,,,,,,,,,,,,,,,,,,,,,,,,,,,,,,,,,,,,,,,,,,,,,,,,,
1020041378,244,41.372044,125.117233,,,,,,,,,,,,,,,,,,,,,,,,,,,,,,,,,,,,,,,,,,,,,,,,,,,,,,,,,,,,,,,,,,,,,,,,,,,,,,,,,,,,,,,,,,,
1020041378,245,42.946033,126.064583,,,,,,,,,,,,,,,,,,,,,,,,,,,,,,,,,,,,,,,,,,,,,,,,,,,,,,,,,,,,,,,,,,,,,,,,,,,,,,,,,,,,,,,,,,,
1020041378,246,41.955983,126.395651,,,,,,,,,,,,,,,,,,,,,,,,,,,,,,,,,,,,,,,,,,,,,,,,,,,,,,,,,,,,,,,,,,,,,,,,,,,,,,,,,,,,,,,,,,,
1020041378,247,43.878098,126.615715,,,,,,,,,,,,,,,,,,,,,,,,,,,,,,,,,,,,,,,,,,,,,,,,,,,,,,,,,,,,,,,,,,,,,,,,,,,,,,,,,,,,,,,,,,,
1020041378,248,41.525298,128.215967,,,,,,,,,,,,,,,,,,,,,,,,,,,,,,,,,,,,,,,,,,,,,,,,,,,,,,,,,,,,,,,,,,,,,,,,,,,,,,,,,,,,,,,,,,,
1020041378,249,42.910789,129.503845,,,,,,,,,,,,,,,,,,,,,,,,,,,,,,,,,,,,,,,,,,,,,,,,,,,,,,,,,,,,,,,,,,,,,,,,,,,,,,,,,,,,,,,,,,,
1020041378,250,43.285578,129.769478,,,,,,,,,,,,,,,,,,,,,,,,,,,,,,,,,,,,,,,,,,,,,,,,,,,,,,,,,,,,,,,,,,,,,,,,,,,,,,,,,,,,,,,,,,,
1020041378,251,44.1537,88.024564,,,,,,,,,,,,,,,,,,,,,,,,,,,,,,,,,,,,,,,,,,,,,,,,,,,,,,,,,,,,,,,,,,,,,,,,,,,,,,,,,,,,,,,,,,,
1020041378,252,43.9095,81.27725,,,,,,,,,,,,,,,,,,,,,,,,,,,,,,,,,,,,,,,,,,,,,,,,,,,,,,,,,,,,,,,,,,,,,,,,,,,,,,,,,,,,,,,,,,,
1020041378,253,44.30653,86.07893,,,,,,,,,,,,,,,,,,,,,,,,,,,,,,,,,,,,,,,,,,,,,,,,,,,,,,,,,,,,,,,,,,,,,,,,,,,,,,,,,,,,,,,,,,,
1020041378,254,43.36378,88.31104,,,,,,,,,,,,,,,,,,,,,,,,,,,,,,,,,,,,,,,,,,,,,,,,,,,,,,,,,,,,,,,,,,,,,,,,,,,,,,,,,,,,,,,,,,,
1020041378,255,43.993308,82.792625,,,,,,,,,,,,,,,,,,,,,,,,,,,,,,,,,,,,,,,,,,,,,,,,,,,,,,,,,,,,,,,,,,,,,,,,,,,,,,,,,,,,,,,,,,,
1020041378,256,44.496995,83.540039,,,,,,,,,,,,,,,,,,,,,,,,,,,,,,,,,,,,,,,,,,,,,,,,,,,,,,,,,,,,,,,,,,,,,,,,,,,,,,,,,,,,,,,,,,,
1020041378,257,44.74338,85.380249,,,,,,,,,,,,,,,,,,,,,,,,,,,,,,,,,,,,,,,,,,,,,,,,,,,,,,,,,,,,,,,,,,,,,,,,,,,,,,,,,,,,,,,,,,,
1020041378,258,44.602752,86.511841,,,,,,,,,,,,,,,,,,,,,,,,,,,,,,,,,,,,,,,,,,,,,,,,,,,,,,,,,,,,,,,,,,,,,,,,,,,,,,,,,,,,,,,,,,,
1020041378,259,42.75155,87.676048,,,,,,,,,,,,,,,,,,,,,,,,,,,,,,,,,,,,,,,,,,,,,,,,,,,,,,,,,,,,,,,,,,,,,,,,,,,,,,,,,,,,,,,,,,,
1020041378,260,43.425497,89.522438,,,,,,,,,,,,,,,,,,,,,,,,,,,,,,,,,,,,,,,,,,,,,,,,,,,,,,,,,,,,,,,,,,,,,,,,,,,,,,,,,,,,,,,,,,,
1020041378,261,36.654155,101.707238,生物记,,,,,,,,,,,,,,,,,,,,,,,,,,,,,,,,,,,,,,,,,,,,,,,,,,,,,,,,,,,,,,,,,,,,,,,,,,,,,,,,,,,,,,,,,,
