name,longitude,latitude,prov,date,key
Pinus tabuliformis Carrière,-104.961468,39.732207,gbif,2021/7/12,3332976414
Pinus tabuliformis Carrière,-104.961468,39.732207,gbif,2021/7/22,3332976492
Pinus tabuliformis Carrière,118.200692,39.624437,gbif,2020/10/11,3415455528
Pinus tabuliformis Carrière,118.200692,39.624437,gbif,2020/10/11,3415492532
Pinus tabuliformis Carrière,118.200692,39.624437,gbif,2020/11/11,3415405502
Pinus tabuliformis Carrière,118.200692,39.624437,gbif,2020/11/11,3415442552
Pinus tabuliformis Carrière,118.200692,39.624437,gbif,2020/11/11,3415656570
Pinus tabuliformis Carrière,118.200692,39.624437,gbif,2020/11/11,3415663513
Pinus tabuliformis Carrière,118.200692,39.624437,gbif,2020/11/11,3415694515
Pinus tabuliformis Carrière,116.207349,39.994529,gbif,2020/12/5,3384626595
Pinus tabuliformis Carrière,116.26835,39.99968,gbif,2019/9/21,3325539322
Pinus tabuliformis Carrière,116.206589,39.995735,gbif,2018/4/19,2644103366
Pinus tabuliformis Carrière,116.206718,39.995914,gbif,2018/4/19,2644195672
Pinus tabuliformis Carrière,-120.742035,38.739731,gbif,2018/9/17,2332535614
Pinus tabuliformis Carrière,39.74073,43.759115,gbif,2018/1/1,1883357029
Pinus tabuliformis Carrière,116.201302,40.002636,gbif,2017/5/11,2644195673
Pinus tabuliformis Carrière,116.201553,40.002853,gbif,2017/5/11,2645688427
Pinus tabuliformis Carrière,116.268005,40.001038,gbif,2017/10/29,2644101833
Pinus tabuliformis Carrière,116.206787,39.993816,gbif,2017/10/13,2644244660
Pinus tabuliformis Carrière,116.268021,39.998543,gbif,2017/10/29,2645625502
Pinus tabuliformis Carrière,116.407396,39.9042,gbif,2017/10/18,3320858307
Pinus tabuliformis Carrière,116.190277,39.98856,gbif,2017/11/10,2644191493
Pinus tabuliformis Carrière,115.43165,39.96921,gbif,2012/10/1,3004141653
Pinus tabuliformis Carrière,115.43165,39.96921,gbif,2012/10/1,3004141661
Pinus tabuliformis Carrière,115.43165,39.96921,gbif,2012/10/1,3004148649
Pinus tabuliformis Carrière,115.43165,39.96921,gbif,2012/10/1,3004149658
Pinus tabuliformis var. tabuliformis,117.57,35.88,gbif,2006/4/26,1020041951
Pinus tabuliformis Carrière,-104.961468,39.732207,gbif,2006/8/23,2242392723
Pinus tabuliformis Carrière,3.722499,51.036388,gbif,2003/12/18,1839545093
Pinus tabuliformis Carrière,103.414167,34.126944,gbif,2000/6/21,574923625
Pinus tabuliformis Carrière,102.5675,36.855,gbif,1997/7/24,574816580
Pinus tabuliformis Carrière,110.78,31.33,gbif,1996/1/1,2417345698
Pinus tabuliformis Carrière,109.87,31.11,gbif,1996/1/1,2417540345
Pinus tabuliformis Carrière,98.38,29.7,gbif,1994/7/4,615371202
Pinus tabuliformis Carrière,102.78,31.67,gbif,1994/10/7,615371141
Pinus tabuliformis Carrière,102.05,31.87,gbif,1994/10/2,615371144
Pinus tabuliformis Carrière,106.69,35.52,gbif,1994/1/1,2417547105
Pinus tabuliformis Carrière,103.7,35.36,gbif,1994/1/1,2417559371
Pinus tabuliformis Carrière,102.54,30.91,gbif,1989/1/1,2417741273
Pinus tabuliformis Carrière,102.54,30.91,gbif,1989/1/1,2417742489
Pinus tabuliformis Carrière,108.23,27.51,gbif,1988/1/1,2417766781
Pinus tabuliformis Carrière,111.84,33.04,gbif,1987/1/1,2417358126
Pinus tabuliformis Carrière,115.4,31.79,gbif,1987/1/1,2417403805
Pinus tabuliformis Carrière,111.02,29.69,gbif,1987/1/1,2417760858
Pinus tabuliformis Carrière,111.02,29.69,gbif,1987/1/1,2417763007
Pinus tabuliformis Carrière,111.02,29.69,gbif,1987/1/1,2417763368
Pinus tabuliformis Carrière,114.08,32.1,gbif,1986/1/1,2417328326
Pinus tabuliformis Carrière,114.08,32.1,gbif,1986/1/1,2417331757
Pinus tabuliformis Carrière,114.08,32.1,gbif,1986/1/1,2417332606
Pinus tabuliformis Carrière,108.01,35.81,gbif,1984/1/1,2417388351
Pinus tabuliformis Carrière,112.03,33.96,gbif,1984/1/1,2417532853
Pinus tabuliformis Carrière,112.03,33.96,gbif,1984/1/1,2417535399
Pinus tabuliformis Carrière,119.05,25.65,gbif,1984/1/1,2417610742
Pinus tabuliformis Carrière,104.394161,23.012914,gbif,1982/1/1,919587951
Pinus tabuliformis Carrière,104.23,33.26,gbif,1982/1/1,2417288765
Pinus tabuliformis Carrière,104.23,33.26,gbif,1982/1/1,2417289739
Pinus tabuliformis Carrière,111.84,33.04,gbif,1982/1/1,2417351243
Pinus tabuliformis Carrière,124.03,40.57,gbif,1982/1/1,2417355855
Pinus tabuliformis Carrière,108.31,33.31,gbif,1982/1/1,2417467541
Pinus tabuliformis Carrière,102.81,30.36,gbif,1982/1/1,2417483354
Pinus tabuliformis Carrière,102.81,30.36,gbif,1982/1/1,2417485056
Pinus tabuliformis var. tabuliformis,101.52,29.47,gbif,1981/9/15,1020041284
Pinus tabuliformis var. tabuliformis,101.52,29.47,gbif,1981/9/17,1020041298
Pinus tabuliformis Carrière,100.85195,27.2822,gbif,1981/1/1,919490177
Pinus tabuliformis Carrière,115.4,31.79,gbif,1981/1/1,2417404466
Pinus tabuliformis Carrière,115.4,31.79,gbif,1981/1/1,2417405649
Pinus tabuliformis Carrière,117.52,42.09,gbif,1981/1/1,2417410537
Pinus tabuliformis Carrière,110.31,26.35,gbif,1981/1/1,2417418905
Pinus tabuliformis Carrière,107.24,33.97,gbif,1981/1/1,2417452926
Pinus tabuliformis Carrière,107.24,33.97,gbif,1981/1/1,2417453293
Pinus tabuliformis Carrière,107.24,33.97,gbif,1981/1/1,2417454348
Pinus tabuliformis Carrière,107.24,33.97,gbif,1981/1/1,2417455469
Pinus tabuliformis Carrière,107.24,33.97,gbif,1981/1/1,2417457359
Pinus tabuliformis Carrière,-75.221011,40.088444,gbif,1980/1/9,1927823878
Pinus tabuliformis Carrière,-75.221011,40.088444,gbif,1980/1/9,1930580735
Pinus tabuliformis Carrière,102.15,36.85,gbif,1980/1/1,2417309154
Pinus tabuliformis Carrière,102.15,36.85,gbif,1980/1/1,2417309181
Pinus tabuliformis Carrière,105.6,33.32,gbif,1980/1/1,2417556582
Pinus tabuliformis Carrière,105.6,33.32,gbif,1980/1/1,2417558290
Pinus tabuliformis Carrière,105.6,33.32,gbif,1980/1/1,2417560762
Pinus tabuliformis Carrière,105.73,33.73,gbif,1980/1/1,2417592398
Pinus tabuliformis Carrière,105.73,33.73,gbif,1980/1/1,2417592721
Pinus tabuliformis Carrière,104.68,32.94,gbif,1980/1/1,2417607170
Pinus tabuliformis Carrière,106.93,32.99,gbif,1979/1/1,2417371642
Pinus tabuliformis Carrière,-106.365552,31.720666,gbif,1977/4/7,3413513502
Pinus tabuliformis Carrière,-119.13611,46.21139,gbif,1975/5/22,1931114906
Pinus tabuliformis Carrière,-119.13611,46.21139,gbif,1975/5/22,1931279144
Pinus tabuliformis Carrière,118.79,32.05,gbif,1975/1/1,2417364120
Pinus tabuliformis Carrière,118.79,32.05,gbif,1975/1/1,2417366216
Pinus tabuliformis Carrière,118.79,32.05,gbif,1975/1/1,2417366971
Pinus tabuliformis Carrière,102.54,30.91,gbif,1975/1/1,2417745141
Pinus tabuliformis Carrière,108.22,23.22,gbif,1974/1/1,2417675542
Pinus tabuliformis Carrière,119.34,41.59,gbif,1973/1/1,2417457501
Pinus tabuliformis Carrière,114.06,36.67,gbif,1973/1/1,2417671888
Pinus tabuliformis Carrière,117.09,40.5,gbif,1972/1/1,2417493782
Pinus tabuliformis Carrière,117.52,42.09,gbif,1971/1/1,2417407527
Pinus tabuliformis Carrière,117.88,41.02,gbif,1971/1/1,2417597910
Pinus tabuliformis Carrière,115.22,40.08,gbif,1971/1/1,2417721893
Pinus tabuliformis Carrière,109.41,31.05,gbif,1968/1/1,2417454931
Pinus tabuliformis Carrière,-106.619196,35.083956,gbif,1966/2/18,1843857326
Pinus tabuliformis Carrière,-106.619196,35.083956,gbif,1966/2/18,1843857397
Pinus tabuliformis Carrière,102.15,36.85,gbif,1965/1/1,2417308457
Pinus tabuliformis Carrière,104.23,33.26,gbif,1964/1/1,2417292440
Pinus tabuliformis Carrière,109.93,40.64,gbif,1964/1/1,2417360538
Pinus tabuliformis Carrière,102.89,37.47,gbif,1964/1/1,2417387618
Pinus tabuliformis Carrière,109.41,31.05,gbif,1964/1/1,2417456879
Pinus tabuliformis Carrière,109.41,31.05,gbif,1964/1/1,2417458645
Pinus tabuliformis Carrière,109.88,33.53,gbif,1964/1/1,2417508686
Pinus tabuliformis Carrière,109.88,33.53,gbif,1964/1/1,2417510964
Pinus tabuliformis Carrière,116.58,40.64,gbif,1964/1/1,2417586348
Pinus tabuliformis Carrière,112.18,35.69,gbif,1964/1/1,2417686926
Pinus tabuliformis Carrière,112.33,36.5,gbif,1964/1/1,2417687651
Pinus tabuliformis Carrière,112.33,36.5,gbif,1964/1/1,2417689068
Pinus tabuliformis Carrière,112.33,36.5,gbif,1964/1/1,2417691561
Pinus tabuliformis Carrière,112.33,36.5,gbif,1964/1/1,2417693393
Pinus tabuliformis Carrière,112.33,36.5,gbif,1964/1/1,2417695011
Pinus tabuliformis Carrière,105.72,34.56,gbif,1963/1/1,2417445831
Pinus tabuliformis Carrière,105.72,34.56,gbif,1963/1/1,2417447913
Pinus tabuliformis Carrière,109.88,33.53,gbif,1963/1/1,2417507191
Pinus tabuliformis Carrière,109.88,33.53,gbif,1963/1/1,2417512724
Pinus tabuliformis Carrière,4.433055,50.766111,gbif,1962/1/27,1840510885
Pinus tabuliformis Carrière,111.22,35.14,gbif,1962/1/1,2417434128
Pinus tabuliformis Carrière,119.34,41.59,gbif,1962/1/1,2417458397
Pinus tabuliformis Carrière,110.85,26.43,gbif,1962/1/1,2417614092
Pinus tabuliformis Carrière,108.31,33.31,gbif,1961/1/1,2417465951
Pinus tabuliformis Carrière,118.2,40.99,gbif,1961/1/1,2417597813
Pinus tabuliformis Carrière,110.84,35.97,gbif,1960/1/1,2417303031
Pinus tabuliformis Carrière,114.08,32.1,gbif,1960/1/1,2417324172
Pinus tabuliformis Carrière,114.08,32.1,gbif,1960/1/1,2417324553
Pinus tabuliformis Carrière,103.75,36.07,gbif,1960/1/1,2417329985
Pinus tabuliformis Carrière,112.03,33.96,gbif,1960/1/1,2417533894
Pinus tabuliformis Carrière,108.31,30.7,gbif,1959/1/1,2417268340
Pinus tabuliformis Carrière,113.43,38.79,gbif,1959/1/1,2417305657
Pinus tabuliformis Carrière,113.43,38.79,gbif,1959/1/1,2417306031
Pinus tabuliformis Carrière,113.43,38.79,gbif,1959/1/1,2417308303
Pinus tabuliformis Carrière,113.43,38.79,gbif,1959/1/1,2417309214
Pinus tabuliformis Carrière,103.75,36.07,gbif,1959/1/1,2417330127
Pinus tabuliformis Carrière,119.4,41.24,gbif,1959/1/1,2417354527
Pinus tabuliformis Carrière,119.4,41.24,gbif,1959/1/1,2417354593
Pinus tabuliformis Carrière,119.4,41.24,gbif,1959/1/1,2417355173
Pinus tabuliformis Carrière,111.04,34.05,gbif,1959/1/1,2417375171
Pinus tabuliformis Carrière,111.04,34.05,gbif,1959/1/1,2417375440
Pinus tabuliformis Carrière,111.04,34.05,gbif,1959/1/1,2417377473
Pinus tabuliformis Carrière,111.04,34.05,gbif,1959/1/1,2417378663
Pinus tabuliformis Carrière,111.67,35.29,gbif,1959/1/1,2417408279
Pinus tabuliformis Carrière,111.67,35.29,gbif,1959/1/1,2417409088
Pinus tabuliformis Carrière,108.62,31.82,gbif,1959/1/1,2417415750
Pinus tabuliformis Carrière,112.1,34.49,gbif,1959/1/1,2417483376
Pinus tabuliformis Carrière,109.36,32.38,gbif,1959/1/1,2417548495
Pinus tabuliformis Carrière,118.2,40.99,gbif,1959/1/1,2417595975
Pinus tabuliformis Carrière,118.2,40.99,gbif,1959/1/1,2417602685
Pinus tabuliformis Carrière,115.24,39.31,gbif,1959/1/1,2417625193
Pinus tabuliformis Carrière,124.17,41.19,gbif,1959/1/1,2417636916
Pinus tabuliformis Carrière,103.09,38.62,gbif,1959/1/1,2417674228
Pinus tabuliformis Carrière,102.64,37.92,gbif,1959/1/1,2417676233
Pinus tabuliformis Carrière,112.69,36.75,gbif,1959/1/1,2417688313
Pinus tabuliformis Carrière,108.85,27.69,gbif,1959/1/1,2417688490
Pinus tabuliformis Carrière,112.69,36.75,gbif,1959/1/1,2417688691
Pinus tabuliformis Carrière,117.08,36.2,gbif,1959/1/1,2417707643
Pinus tabuliformis Carrière,116.21,40.02,gbif,1959/1/1,2417718035
Pinus tabuliformis Carrière,116.21,40.02,gbif,1959/1/1,2417718145
Pinus tabuliformis Carrière,116,39.47,gbif,1959/1/1,2417720281
Pinus tabuliformis Carrière,116.21,40.02,gbif,1959/1/1,2417720632
Pinus tabuliformis Carrière,114.71,39.36,gbif,1959/1/1,2417721198
Pinus tabuliformis f. jeholensis Liou & Z.Wang,108.24,33.03,gbif,1959/1/1,2417759936
Pinus tabuliformis f. jeholensis Liou & Z.Wang,108.24,33.03,gbif,1959/1/1,2417763102
Pinus tabuliformis Carrière,119.4,41.24,gbif,1958/1/1,2417354283
Pinus tabuliformis Carrière,102.89,37.47,gbif,1958/1/1,2417383710
Pinus tabuliformis Carrière,108.62,31.82,gbif,1958/1/1,2417414114
Pinus tabuliformis f. jeholensis Liou & Z.Wang,108.62,31.82,gbif,1958/1/1,2417417112
Pinus tabuliformis Carrière,108.62,31.82,gbif,1958/1/1,2417417415
Pinus tabuliformis f. jeholensis Liou & Z.Wang,108.62,31.82,gbif,1958/1/1,2417423812
Pinus tabuliformis f. jeholensis Liou & Z.Wang,108.62,31.82,gbif,1958/1/1,2417433963
Pinus tabuliformis Carrière,107.24,33.97,gbif,1958/1/1,2417449306
Pinus tabuliformis Carrière,109.41,31.05,gbif,1958/1/1,2417457061
Pinus tabuliformis Carrière,109.41,31.05,gbif,1958/1/1,2417459567
Pinus tabuliformis Carrière,109.11,35.39,gbif,1958/1/1,2417479549
Pinus tabuliformis Carrière,102.81,30.36,gbif,1958/1/1,2417483344
Pinus tabuliformis Carrière,102.36,30.99,gbif,1958/1/1,2417507235
Pinus tabuliformis f. jeholensis Liou & Z.Wang,109.72,30.6,gbif,1958/1/1,2417569221
Pinus tabuliformis f. jeholensis Liou & Z.Wang,109.47,30.29,gbif,1958/1/1,2417590863
Pinus tabuliformis Carrière,123.41,41.82,gbif,1958/1/1,2417696915
Pinus tabuliformis Carrière,113.72,36.6,gbif,1958/1/1,2417719619
Pinus tabuliformis Carrière,111.91,37.02,gbif,1957/1/1,2417312457
Pinus tabuliformis f. jeholensis Liou & Z.Wang,110.78,31.33,gbif,1957/1/1,2417342376
Pinus tabuliformis f. jeholensis Liou & Z.Wang,110.78,31.33,gbif,1957/1/1,2417342949
Pinus tabuliformis f. jeholensis Liou & Z.Wang,110.78,31.33,gbif,1957/1/1,2417343683
Pinus tabuliformis f. jeholensis Liou & Z.Wang,110.78,31.33,gbif,1957/1/1,2417344433
Pinus tabuliformis f. jeholensis Liou & Z.Wang,110.78,31.33,gbif,1957/1/1,2417346897
Pinus tabuliformis f. jeholensis Liou & Z.Wang,110.78,31.33,gbif,1957/1/1,2417347399
Pinus tabuliformis Carrière,112.03,33.96,gbif,1957/1/1,2417531236
Pinus tabuliformis Carrière,112.41,34.08,gbif,1957/1/1,2417682040
Pinus tabuliformis Carrière,104.21,35.13,gbif,1957/1/1,2417726839
Pinus tabuliformis f. jeholensis Liou & Z.Wang,108.62,31.82,gbif,1956/1/1,2417415278
Pinus tabuliformis Carrière,107.24,33.97,gbif,1956/1/1,2417452853
Pinus tabuliformis Carrière,115.1,40.49,gbif,1956/1/1,2417486524
Pinus tabuliformis Carrière,120.56,36.19,gbif,1956/1/1,2417532110
Pinus tabuliformis Carrière,112.03,33.96,gbif,1956/1/1,2417532157
Pinus tabuliformis Carrière,112.03,33.96,gbif,1956/1/1,2417537286
Pinus tabuliformis Carrière,116.17,40.21,gbif,1956/1/1,2417621987
Pinus tabuliformis Carrière,116.17,40.21,gbif,1956/1/1,2417623838
Pinus tabuliformis Carrière,113.4,32.36,gbif,1956/1/1,2417653339
Pinus tabuliformis Carrière,113.4,32.36,gbif,1956/1/1,2417653586
Pinus tabuliformis Carrière,104.11,35.84,gbif,1956/1/1,2417660279
Pinus tabuliformis Carrière,117.08,36.2,gbif,1956/1/1,2417707397
Pinus tabuliformis Carrière,116.21,40.02,gbif,1956/1/1,2417723659
Pinus tabuliformis Carrière,111.17,37.35,gbif,1955/1/1,2417274689
Pinus tabuliformis Carrière,111.17,37.35,gbif,1955/1/1,2417274851
Pinus tabuliformis Carrière,111.17,37.35,gbif,1955/1/1,2417275870
Pinus tabuliformis Carrière,111.17,37.35,gbif,1955/1/1,2417276497
Pinus tabuliformis Carrière,111.17,37.35,gbif,1955/1/1,2417277407
Pinus tabuliformis Carrière,111.17,37.35,gbif,1955/1/1,2417278181
Pinus tabuliformis Carrière,111.57,38.7,gbif,1955/1/1,2417509899
Pinus tabuliformis Carrière,117.08,36.2,gbif,1955/1/1,2417702387
Pinus tabuliformis Carrière,114.08,32.1,gbif,1954/1/1,2417329579
Pinus tabuliformis Carrière,114.08,32.1,gbif,1954/1/1,2417331231
Pinus tabuliformis Carrière,114.61,27.39,gbif,1954/1/1,2417471299
Pinus tabuliformis Carrière,102.81,30.36,gbif,1954/1/1,2417485940
Pinus tabuliformis Carrière,111.77,36.84,gbif,1954/1/1,2417728750
Pinus tabuliformis Carrière,111.77,36.84,gbif,1954/1/1,2417730895
Pinus tabuliformis Carrière,111.77,36.84,gbif,1954/1/1,2417733331
Pinus tabuliformis Carrière,107.84,34.15,gbif,1954/1/1,2417753841
Pinus tabuliformis Carrière,115.47,38.86,gbif,1953/1/1,2417325611
Pinus tabuliformis Carrière,112.3,39,gbif,1953/1/1,2417459476
Pinus tabuliformis Carrière,112.3,39,gbif,1953/1/1,2417460156
Pinus tabuliformis Carrière,112.3,39,gbif,1953/1/1,2417461114
Pinus tabuliformis Carrière,112.3,39,gbif,1953/1/1,2417461198
Pinus tabuliformis Carrière,112.3,39,gbif,1953/1/1,2417461774
Pinus tabuliformis Carrière,112.3,39,gbif,1953/1/1,2417462057
Pinus tabuliformis Carrière,112.3,39,gbif,1953/1/1,2417462386
Pinus tabuliformis Carrière,112.3,39,gbif,1953/1/1,2417462726
Pinus tabuliformis Carrière,112.3,39,gbif,1953/1/1,2417463122
Pinus tabuliformis Carrière,112.3,39,gbif,1953/1/1,2417465706
Pinus tabuliformis Carrière,112.3,39,gbif,1953/1/1,2417465777
Pinus tabuliformis Carrière,112.3,39,gbif,1953/1/1,2417466113
Pinus tabuliformis Carrière,106.69,35.52,gbif,1953/1/1,2417549302
Pinus tabuliformis Carrière,108.35,35.49,gbif,1953/1/1,2417667102
Pinus tabuliformis Carrière,107.3,36.57,gbif,1953/1/1,2417736949
Pinus tabuliformis Carrière,107.99,33.52,gbif,1952/1/1,2417320018
Pinus tabuliformis Carrière,107.99,33.52,gbif,1952/1/1,2417321996
Pinus tabuliformis Carrière,110.09,34.56,gbif,1952/1/1,2417367165
Pinus tabuliformis Carrière,110.09,34.56,gbif,1952/1/1,2417367302
Pinus tabuliformis Carrière,110.09,34.56,gbif,1952/1/1,2417370256
Pinus tabuliformis Carrière,117.52,42.09,gbif,1952/1/1,2417406235
Pinus tabuliformis Carrière,117.52,42.09,gbif,1952/1/1,2417406745
Pinus tabuliformis Carrière,102.81,30.36,gbif,1952/1/1,2417487135
Pinus tabuliformis Carrière,117.09,40.5,gbif,1952/1/1,2417489084
Pinus tabuliformis Carrière,117.09,40.5,gbif,1952/1/1,2417494005
Pinus tabuliformis Carrière,117.88,41.02,gbif,1952/1/1,2417598363
Pinus tabuliformis Carrière,118.2,40.99,gbif,1952/1/1,2417600752
Pinus tabuliformis Carrière,109.5,34.49,gbif,1952/1/1,2417729068
Pinus tabuliformis Carrière,104.47,34.84,gbif,1952/1/1,2417733427
Pinus tabuliformis Carrière,102.54,30.91,gbif,1952/1/1,2417738603
Pinus tabuliformis Carrière,102.54,30.91,gbif,1952/1/1,2417742167
Pinus tabuliformis Carrière,102.54,30.91,gbif,1952/1/1,2417743098
Pinus tabuliformis Carrière,102.54,30.91,gbif,1952/1/1,2417745276
Pinus tabuliformis Carrière,102.54,30.91,gbif,1952/1/1,2417746418
Pinus tabuliformis Carrière,117.72,40.44,gbif,1951/1/1,2417345706
Pinus tabuliformis Carrière,114.51,37.28,gbif,1951/1/1,2417346860
Pinus tabuliformis Carrière,114.51,37.28,gbif,1951/1/1,2417347676
Pinus tabuliformis Carrière,117.72,40.44,gbif,1951/1/1,2417347758
Pinus tabuliformis Carrière,114.51,37.28,gbif,1951/1/1,2417347767
Pinus tabuliformis Carrière,113.22,40.05,gbif,1951/1/1,2417436905
Pinus tabuliformis Carrière,121.61,38.91,gbif,1951/1/1,2417438997
Pinus tabuliformis Carrière,105.72,34.56,gbif,1951/1/1,2417452187
Pinus tabuliformis Carrière,108.31,33.31,gbif,1951/1/1,2417464475
Pinus tabuliformis Carrière,128.51,42.78,gbif,1951/1/1,2417466311
Pinus tabuliformis Carrière,128.51,42.78,gbif,1951/1/1,2417467474
Pinus tabuliformis Carrière,108.31,33.31,gbif,1951/1/1,2417469137
Pinus tabuliformis Carrière,128.51,42.78,gbif,1951/1/1,2417469276
Pinus tabuliformis Carrière,115.1,40.49,gbif,1951/1/1,2417486379
Pinus tabuliformis Carrière,115.1,40.49,gbif,1951/1/1,2417486551
Pinus tabuliformis Carrière,115.1,40.49,gbif,1951/1/1,2417486865
Pinus tabuliformis Carrière,117.09,40.5,gbif,1951/1/1,2417488426
Pinus tabuliformis Carrière,117.09,40.5,gbif,1951/1/1,2417489930
Pinus tabuliformis Carrière,115.1,40.49,gbif,1951/1/1,2417490452
Pinus tabuliformis Carrière,117.09,40.5,gbif,1951/1/1,2417492034
Pinus tabuliformis Carrière,117.09,40.5,gbif,1951/1/1,2417492759
Pinus tabuliformis Carrière,117.09,40.5,gbif,1951/1/1,2417492773
Pinus tabuliformis Carrière,117.08,36.2,gbif,1951/1/1,2417708735
Pinus tabuliformis Carrière,114.51,37.28,gbif,1950/1/1,2417349468
Pinus tabuliformis Carrière,119.48,39.83,gbif,1950/1/1,2417360825
Pinus tabuliformis var. umbraculifera T.N.Liou & Q.L.Wang,122.96,41.07,gbif,1950/1/1,2417362683
Pinus tabuliformis var. umbraculifera T.N.Liou & Q.L.Wang,122.96,41.07,gbif,1950/1/1,2417363627
Pinus tabuliformis Carrière,121.61,38.91,gbif,1950/1/1,2417436367
Pinus tabuliformis Carrière,105.72,34.56,gbif,1950/1/1,2417448842
Pinus tabuliformis Carrière,123.41,41.82,gbif,1950/1/1,2417690392
Pinus tabuliformis Carrière,123.41,41.82,gbif,1950/1/1,2417693942
Pinus tabuliformis Carrière,123.41,41.82,gbif,1950/1/1,2417695829
Pinus tabuliformis Carrière,114.71,39.36,gbif,1950/1/1,2417724795
Pinus tabuliformis Carrière,122.42,40.24,gbif,1950/1/1,2417754194
Pinus tabuliformis Carrière,122.42,40.24,gbif,1950/1/1,2417754368
Pinus tabuliformis Carrière,4.433055,50.766111,gbif,1949/10/1,1840510959
Pinus tabuliformis Carrière,94.83,29.97,gbif,1946/12/23,1675873268
Pinus tabuliformis Carrière,93.9,29.13,gbif,1938/5/25,1675791104
Pinus tabuliformis Carrière,-73.964726,40.668063,gbif,1934/10/1,1927929862
Pinus tabuliformis Carrière,-77.601452,43.136463,gbif,1934/10/1,1930241171
Pinus tabuliformis var. tabuliformis,106.03,38.97,gbif,1933/9/15,1020041286
Pinus tabuliformis Carrière,129.794444,42.76339,gbif,1930/7/13,2443048549
Pinus tabuliformis var. tabuliformis,102.03,30.05,gbif,1930/9/7,1020041187
Pinus tabuliformis var. tabuliformis,118.17,30.08,gbif,1925/7/15,1020041363
Pinus tabuliformis var. tabuliformis,118.17,30.08,gbif,1925/7/17,1020041364
Pinus tabuliformis var. tabuliformis,111.77,39.02,gbif,1922/9/7,1020041309
Pinus tabuliformis Carrière,115.42,39.98,gbif,1921/8/19,1095963574
Pinus tabuliformis var. tabuliformis,100.2,26.57,gbif,1916/5/19,1020041348
Pinus tabuliformis Carrière,116.04472,39.97333,gbif,1915/4/3,1135457096
Pinus tabuliformis var. tabuliformis,110.07,34.48,gbif,1913/12/29,1020041141
Pinus tabuliformis Carrière,120.16889,30.25528,gbif,1912/2/20,1135457125
Pinus tabuliformis Carrière,123.43,41.8,gbif,1903/7/14,2573216518
Pinus tabuliformis Carrière,116.73333,40.58333,gbif,NA,41391574
Pinus tabuliformis Carrière,112,37,gbif,NA,41391585
Pinus tabuliformis Carrière,112.683333,27.25,gbif,NA,574719779
Pinus tabuliformis var. tabuliformis,103.43,31.03,gbif,NA,1020041191
Pinus tabuliformis var. tabuliformis,103.33,31.22,gbif,NA,1020041292
Pinus tabuliformis var. tabuliformis,102.03,30.05,gbif,NA,1020041296
Pinus tabuliformis var. tabuliformis,103.08,29.37,gbif,NA,1020041303
Pinus tabuliformis var. tabuliformis,103.7,33.97,gbif,NA,1020041320
Pinus tabuliformis var. tabuliformis,102.85,28.02,gbif,NA,1020041333
Pinus tabuliformis var. tabuliformis,102.03,30.05,gbif,NA,1020041378
Pinus tabuliformis Carrière,18.0471,59.37,gbif,NA,1065300600
Pinus tabuliformis Carrière,170.516753,-45.848394,gbif,NA,1897715543
Pinus tabuliformis Carrière,176.266861,-38.164892,gbif,NA,1897722142
Pinus tabuliformis Carrière,177.717444,-38.558583,gbif,NA,2883313128
Pinus tabuliformis f. jeholensis Liou & Z.Wang,108.24,33.03,gbif,1959/1/1,2417759936
Pinus tabuliformis f. jeholensis Liou & Z.Wang,108.24,33.03,gbif,1959/1/1,2417763102
Pinus tabuliformis f. jeholensis Liou & Z.Wang,108.62,31.82,gbif,1958/1/1,2417417112
Pinus tabuliformis f. jeholensis Liou & Z.Wang,108.62,31.82,gbif,1958/1/1,2417423812
Pinus tabuliformis f. jeholensis Liou & Z.Wang,108.62,31.82,gbif,1958/1/1,2417433963
Pinus tabuliformis f. jeholensis Liou & Z.Wang,109.72,30.6,gbif,1958/1/1,2417569221
Pinus tabuliformis f. jeholensis Liou & Z.Wang,109.47,30.29,gbif,1958/1/1,2417590863
Pinus tabuliformis f. jeholensis Liou & Z.Wang,110.78,31.33,gbif,1957/1/1,2417342376
Pinus tabuliformis f. jeholensis Liou & Z.Wang,110.78,31.33,gbif,1957/1/1,2417342949
Pinus tabuliformis f. jeholensis Liou & Z.Wang,110.78,31.33,gbif,1957/1/1,2417343683
Pinus tabuliformis f. jeholensis Liou & Z.Wang,110.78,31.33,gbif,1957/1/1,2417344433
Pinus tabuliformis f. jeholensis Liou & Z.Wang,110.78,31.33,gbif,1957/1/1,2417346897
Pinus tabuliformis f. jeholensis Liou & Z.Wang,110.78,31.33,gbif,1957/1/1,2417347399
Pinus tabuliformis f. jeholensis Liou & Z.Wang,108.62,31.82,gbif,1956/1/1,2417415278
Pinus tabuliformis,116.0205783,40.35930178,inat,2009/7/5,108004543
Pinus tabuliformis,118.1691492,30.13936178,inat,2015/6/20,106993165
Pinus yunnanensis,175.9631963,-39.87842592,inat,2022/1/17,106786890
Pinus tabuliformis,17.74112273,49.54562649,inat,2017/6/13,105770942
Pinus tabuliformis,117.108575,36.26160833,inat,2017/8/8,104042332
Pinus yunnanensis,100.405316,25.34874597,inat,2021/11/1,103096460
Pinus tabuliformis,116.0066306,40.354225,inat,2014/11/12,102603746
Pinus tabuliformis,116.0074611,40.35435,inat,2014/11/12,102603745
Pinus yunnanensis,99.68448667,27.033875,inat,2017/12/14,100998794
Pinus yunnanensis,102.7956692,25.10313769,inat,2021/10/27,99525634
Pinus tabuliformis,116.270911,40.17373297,inat,2021/6/1,92817370
Pinus yunnanensis,100.1804463,26.92158564,inat,2021/8/21,92787251
Pinus henryi,171.2263529,-44.58650839,inat,2021/8/18,91605849
Pinus tabuliformis,116.0876222,40.058625,inat,2021/6/26,89752727
Pinus tabuliformis,117.97015,27.669696,inat,2021/7/23,88280059
Pinus tabuliformis,116.338822,39.999147,inat,2021/7/3,85460115
Pinus tabuliformis,116.5100021,40.02000046,inat,2021/5/13,78542701
Pinus tabuliformis,116.5063019,40.02199173,inat,2021/5/6,77563235
Pinus tabuliformis,-73.88008,40.86328667,inat,2021/5/2,76508734
Pinus tabuliformis,114.1509729,22.35249845,inat,2021/5/2,76432007
Pinus tabuliformis,116.4840095,39.79379452,inat,2021/4/24,74988663
Pinus tabuliformis,116.3509632,40.01470263,inat,2021/4/10,73458090
Pinus tabuliformis,121.3849345,37.37473638,inat,2021/4/4,72869871
Pinus tabuliformis,-6.274072789,53.37445301,inat,2021/4/3,72800197
Pinus tabuliformis,116.131636,39.872903,inat,2021/3/13,71232540
Pinus yunnanensis,100.0046716,27.18034141,inat,2020/11/14,71199633
Pinus yunnanensis,102.7517113,25.17174006,inat,2021/2/12,69813107
Pinus yunnanensis,100.4907546,24.98421938,inat,2021/2/16,69653922
Pinus tabuliformis,118.200692,39.624437,inat,2020/11/11,69612082
Pinus tabuliformis,118.200692,39.624437,inat,2020/11/11,69612081
Pinus tabuliformis,118.200692,39.624437,inat,2020/11/11,69612080
Pinus tabuliformis,118.200692,39.624437,inat,2020/11/11,69612079
Pinus tabuliformis,118.200692,39.624437,inat,2020/11/11,69612078
Pinus tabuliformis,118.200692,39.624437,inat,2020/10/11,69612077
Pinus tabuliformis,118.200692,39.624437,inat,2020/10/11,69612076
Pinus yunnanensis,100.4251504,25.49027352,inat,2021/2/15,69598245
Pinus yunnanensis,98.69676043,28.66629739,inat,2009/9/15,69574939
Pinus yunnanensis,100.66993,23.593932,inat,2021/2/3,68996493
Pinus yunnanensis,100.708138,23.524202,inat,2021/1/28,68716053
Pinus yunnanensis,100.2537766,27.10255241,inat,2021/1/2,67437048
Pinus tabuliformis,-2.388280097,53.32502896,inat,2020/12/19,66776346
Pinus tabuliformis,116.2073485,39.99452922,inat,2020/12/5,66119788
Pinus tabuliformis,116.5373893,39.82247236,inat,2020/10/21,63153432
Pinus tabuliformis,116.5373893,39.82247236,inat,2020/10/21,63153404
Pinus tabuliformis,116.2025967,39.99581333,inat,2020/9/21,60490100
Pinus tabuliformis,14.41638889,50.11888889,inat,2018/3/25,58290893
Pinus yunnanensis,100.8002853,27.74829483,inat,2020/7/30,54827533
Pinus tabuliformis,116.0115814,40.35697006,inat,2012/6/6,49060730
Pinus tabuliformis,115.4274474,39.95937548,inat,2012/6/5,49013368
Pinus tabuliformis,123.3944885,41.78197857,inat,2020/6/5,48519673
Pinus tabuliformis,116.6183598,39.76396364,inat,2020/5/27,47494003
Pinus yunnanensis,100.1687071,26.92183047,inat,2020/5/16,46216383
Pinus yunnanensis,100.1687071,26.92183047,inat,2020/5/16,46216337
Pinus yunnanensis,100.1825633,26.90342675,inat,2020/4/4,41365677
Pinus yunnanensis,100.1825633,26.90342675,inat,2020/4/4,41365640
Pinus yunnanensis,100.1825633,26.90342675,inat,2020/4/4,41365624
Pinus yunnanensis,102.829315,25.10955772,inat,2020/3/23,40690737
Pinus yunnanensis,99.25784818,26.32410117,inat,2012/1/19,37860010
Pinus tabuliformis,14.41638889,50.11888889,inat,2018/3/25,36763752
Pinus yunnanensis,102.9014371,24.76014703,inat,2019/11/18,35875126
Pinus tabuliformis,116.4733212,39.97278999,inat,2013/9/30,35858948
Pinus tabuliformis,14.47828632,46.04950254,inat,2019/10/7,34000506
Pinus tabuliformis,116.26835,39.99968,inat,2019/9/21,33240323
Pinus yunnanensis,99.04684994,28.26354973,inat,2018/11/7,33016012
Pinus tabuliformis,116.55867,40.43216667,inat,2019/5/27,25863324
Pinus tabuliformis,-76.92233599,38.98572179,inat,2019/4/16,22572294
Pinus tabuliformis,116.2633329,39.99826885,inat,2019/1/6,19462310
Pinus tabuliformis,116.2633965,39.9986255,inat,2019/1/6,19462300
Pinus tabuliformis,116.273043,39.99725418,inat,2019/1/6,19461876
Pinus tabuliformis,116.272998,39.9972735,inat,2019/1/6,19461867
Pinus tabuliformis,116.319405,40.00473888,inat,2019/1/4,19410996
Pinus tabuliformis,117.27613,36.45975833,inat,2018/10/3,17156785
Pinus tabuliformis,116.0137524,40.35789252,inat,2018/8/24,15861807
Pinus tabuliformis,114.143649,22.599668,inat,2018/7/17,14463402
Pinus tabuliformis,116.3842463,39.90492873,inat,2018/4/17,11104865
Pinus yunnanensis,-123.809352,39.409221,inat,2017/10/29,8627591
Pinus tabuliformis,116.4073963,39.9041999,inat,2017/10/18,8601027
Pinus tabuliformis,116.2090616,39.99334109,inat,2017/8/26,7652110
Pinus tabuliformis,174.6336722,-36.87608778,inat,2017/7/8,6964715
Pinus tabuliformis,116.8741517,40.37044522,inat,2017/5/25,6722512
Pinus tabuliformis,121.141889,31.058886,inat,2017/6/3,6558670
Pinus tabuliformis,121.141889,31.058886,inat,2017/6/3,6495781
Pinus yunnanensis,100.2318726,26.87415123,inat,2003/1/5,2415
Pinus tabuliformis,101.61649,34.73421,,,
Pinus tabuliformis,101.798976,36.661295,,,
Pinus tabuliformis,101.855632,36.873167,,,
Pinus tabuliformis,101.933372,35.270702,,,
Pinus tabuliformis,101.968918,30.066271,,,
Pinus tabuliformis,102.03598,36.5243,,,
Pinus tabuliformis,102.193279,28.55241,,,
Pinus tabuliformis,102.210102,31.895631,,,
Pinus tabuliformis,102.249241,27.863816,,,
Pinus tabuliformis,102.251473,29.912835,,,
Pinus tabuliformis,102.558746,32.772409,,,
Pinus tabuliformis,102.741566,30.060329,,,
Pinus tabuliformis,102.819843,30.359693,,,
Pinus tabuliformis,102.964382,33.583449,,,
Pinus tabuliformis,103.22175,34.05587,,,
Pinus tabuliformis,103.267536,36.739022,,,
Pinus tabuliformis,103.70894,35.36973,,,
Pinus tabuliformis,103.71878,36.10396,,,
Pinus tabuliformis,103.71678,36.10496,,,
Pinus tabuliformis,103.861656,31.676174,,,
Pinus tabuliformis,104.123268,35.827974,,,
Pinus tabuliformis,104.433632,36.049408,,,
Pinus tabuliformis,104.604634,35.578769,,,
Pinus tabuliformis,104.882784,34.718617,,,
Pinus tabuliformis,104.911886,33.386235,,,
Pinus tabuliformis,105.736713,38.871657,,,
Pinus tabuliformis,105.882282,32.657876,,,
Pinus tabuliformis,105.88965,34.57024,,,
Pinus tabuliformis,105.91919,38.50808,,,
Pinus tabuliformis,105.993217,36.27301,,,
Pinus tabuliformis,106.001381,34.81728,,,
Pinus tabuliformis,106.002518,34.361752,,,
Pinus tabuliformis,106.013031,38.841042,,,
Pinus tabuliformis,106.08785,33.76884,,,
Pinus tabuliformis,106.207591,35.987035,,,
Pinus tabuliformis,106.260463,35.685814,,,
Pinus tabuliformis,106.265259,38.548165,,,
Pinus tabuliformis,106.438991,35.981444,,,
Pinus tabuliformis,106.4666,35.46615,,,
Pinus tabuliformis,106.692902,35.99398,,,
Pinus tabuliformis,106.714951,39.429241,,,
Pinus tabuliformis,106.745235,35.552934,,,
Pinus tabuliformis,106.778893,33.717552,,,
Pinus tabuliformis,106.833458,32.329498,,,
Pinus tabuliformis,107.074471,32.989084,,,
Pinus tabuliformis,107.20919,34.580612,,,
Pinus tabuliformis,107.336254,34.06361,,,
Pinus tabuliformis,107.352219,33.105491,,,
Pinus tabuliformis,107.368355,37.824565,,,
Pinus tabuliformis,107.416229,40.754311,,,
Pinus tabuliformis,107.686592,35.728668,,,
Pinus tabuliformis,107.692119,35.733206,,,
Pinus tabuliformis,108.069176,34.260654,,,
Pinus tabuliformis,108.06926,34.263802,,,
Pinus tabuliformis,108.45295,33.432434,,,
Pinus tabuliformis,108.515099,41.563751,,,
Pinus tabuliformis,108.577377,35.877552,,,
Pinus tabuliformis,108.649979,34.258529,,,
Pinus tabuliformis,108.649979,31.946919,,,
Pinus tabuliformis,109.000511,34.022645,,,
Pinus tabuliformis,109.131661,33.421842,,,
Pinus tabuliformis,109.32897,36.86373,,,
Pinus tabuliformis,109.32897,36.86373,,,
Pinus tabuliformis,109.366665,32.827096,,,
Pinus tabuliformis,109.366665,32.379961,,,
Pinus tabuliformis,109.4217,36.628391,,,
Pinus tabuliformis,109.466705,34.492802,,,
Pinus tabuliformis,109.573689,31.386322,,,
Pinus tabuliformis,109.67538,37.14258,,,
Pinus tabuliformis,109.722519,30.606558,,,
Pinus tabuliformis,109.7719,34.51259,,,
Pinus tabuliformis,109.7719,34.51259,,,
Pinus tabuliformis,109.815437,30.187571,,,
Pinus tabuliformis,109.838791,35.58429,,,
Pinus tabuliformis,109.861137,40.65654,,,
Pinus tabuliformis,109.89109,33.562138,,,
Pinus tabuliformis,109.939502,33.857624,,,
Pinus tabuliformis,109.94416,39.087589,,,
Pinus tabuliformis,110.079742,34.531349,,,
Pinus tabuliformis,110.138969,34.060481,,,
Pinus tabuliformis,110.524239,40.557343,,,
Pinus tabuliformis,110.678158,31.749263,,,
Pinus tabuliformis,110.886276,39.645626,,,
Pinus tabuliformis,110.909042,34.124595,,,
Pinus tabuliformis,110.92388,31.062394,,,
Pinus tabuliformis,110.949383,36.693819,,,
Pinus tabuliformis,111.130571,38.456681,,,
Pinus tabuliformis,111.13562,40.723022,,,
Pinus tabuliformis,111.13762,40.733022,,,
Pinus tabuliformis,111.143532,37.326489,,,
Pinus tabuliformis,111.15081,37.51761,,,
Pinus tabuliformis,111.207562,39.899728,,,
Pinus tabuliformis,111.228933,37.892941,,,
Pinus tabuliformis,111.268587,31.87876,,,
Pinus tabuliformis,111.392891,33.760151,,,
Pinus tabuliformis,111.57296,38.70427,,,
Pinus tabuliformis,111.577063,36.093361,,,
Pinus tabuliformis,111.57873,36.08301,,,
Pinus tabuliformis,111.62299,40.80772,,,
Pinus tabuliformis,111.701946,35.75912,,,
Pinus tabuliformis,111.736107,33.618031,,,
Pinus tabuliformis,111.786919,33.019028,,,
Pinus tabuliformis,111.815157,38.91568,,,
Pinus tabuliformis,111.922188,37.015438,,,
Pinus tabuliformis,112.016945,34.107541,,,
Pinus tabuliformis,112.142086,37.57159,,,
Pinus tabuliformis,112.185431,35.700383,,,
Pinus tabuliformis,112.185774,35.699407,,,
Pinus tabuliformis,112.295466,33.702555,,,
Pinus tabuliformis,112.442009,37.709122,,,
Pinus tabuliformis,112.440009,37.710122,,,
Pinus tabuliformis,112.51078,34.70431,,,
Pinus tabuliformis,112.58728,33.00259,,,
Pinus tabuliformis,112.614327,37.403574,,,
Pinus tabuliformis,112.890701,33.706063,,,
Pinus tabuliformis,112.942314,34.631813,,,
Pinus tabuliformis,113.11649,36.19581,,,
Pinus tabuliformis,113.157349,33.1506,,,
Pinus tabuliformis,113.213158,40.017365,,,
Pinus tabuliformis,113.230591,39.126598,,,
Pinus tabuliformis,113.234798,35.264202,,,
Pinus tabuliformis,113.236084,35.762393,,,
Pinus tabuliformis,113.295822,38.721412,,,
Pinus tabuliformis,113.362856,37.091404,,,
Pinus tabuliformis,113.479167,35.229986,,,
Pinus tabuliformis,113.533737,34.73518,,,
Pinus tabuliformis,113.568031,39.303974,,,
Pinus tabuliformis,113.571281,38.972832,,,
Pinus tabuliformis,113.725868,36.16597,,,
Pinus tabuliformis,113.831062,35.538093,,,
Pinus tabuliformis,113.84913,36.810807,,,
Pinus tabuliformis,113.930359,40.07373,,,
Pinus tabuliformis,113.981712,35.051052,,,
Pinus tabuliformis,114.048042,32.11782,,,
Pinus tabuliformis,114.163551,40.11512,,,
Pinus tabuliformis,114.209061,39.386591,,,
Pinus tabuliformis,114.34816,34.78861,,,
Pinus tabuliformis,114.400635,36.698705,,,
Pinus tabuliformis,114.417213,38.108063,,,
Pinus tabuliformis,114.544144,37.101741,,,
Pinus tabuliformis,114.668427,37.992916,,,
Pinus tabuliformis,114.841118,31.629999,,,
Pinus tabuliformis,114.925041,40.668949,,,
Pinus tabuliformis,114.925041,40.668949,,,
Pinus tabuliformis,114.976349,40.046921,,,
Pinus tabuliformis,115.21962,40.38003,,,
Pinus tabuliformis,115.22062,40.39003,,,
Pinus tabuliformis,115.356445,40.980935,,,
Pinus tabuliformis,115.49846,39.34926,,,
Pinus tabuliformis,115.500023,40.000215,,,
Pinus tabuliformis,115.528313,38.868061,,,
Pinus tabuliformis,115.551422,35.308762,,,
Pinus tabuliformis,115.57298,35.07095,,,
Pinus tabuliformis,115.77943,28.762016,,,
Pinus tabuliformis,115.847398,39.59538,,,
Pinus tabuliformis,115.97503,40.45678,,,
Pinus tabuliformis,115.97503,40.45678,,,
Pinus tabuliformis,115.975328,40.456091,,,
Pinus tabuliformis,116.00193,40.205181,,,
Pinus tabuliformis,116.03966,29.643099,,,
Pinus tabuliformis,116.086479,39.870811,,,
Pinus tabuliformis,116.139312,36.116965,,,
Pinus tabuliformis,116.257668,36.370433,,,
Pinus tabuliformis,116.449585,40.535786,,,
Pinus tabuliformis,116.59649,35.4082,,,
Pinus tabuliformis,116.59649,35.4082,,,
Pinus tabuliformis,116.606842,40.91531,,,
Pinus tabuliformis,116.610764,40.178226,,,
Pinus tabuliformis,116.615067,36.284135,,,
Pinus tabuliformis,116.651115,40.398746,,,
Pinus tabuliformis,116.75199,36.55358,,,
Pinus tabuliformis,116.759941,41.160702,,,
Pinus tabuliformis,116.760994,40.627995,,,
Pinus tabuliformis,116.920259,40.248008,,,
Pinus tabuliformis,117.00385,35.40522,,,
Pinus tabuliformis,117.03424,30.51227,,,
Pinus tabuliformis,117.13526,36.19198,,,
Pinus tabuliformis,117.13326,36.19398,,,
Pinus tabuliformis,117.236748,36.430367,,,
Pinus tabuliformis,117.25216,35.66471,,,
Pinus tabuliformis,117.335371,39.648163,,,
Pinus tabuliformis,117.344981,40.04562,,,
Pinus tabuliformis,117.379204,40.6353,,,
Pinus tabuliformis,117.394066,40.953715,,,
Pinus tabuliformis,117.4613,35.09963,,,
Pinus tabuliformis,117.50076,40.41727,,,
Pinus tabuliformis,117.512848,36.37886,,,
Pinus tabuliformis,117.512848,36.37886,,,
Pinus tabuliformis,117.545471,43.248422,,,
Pinus tabuliformis,117.564011,36.641427,,,
Pinus tabuliformis,117.73897,41.31381,,,
Pinus tabuliformis,117.76016,41.93846,,,
Pinus tabuliformis,117.777557,40.859525,,,
Pinus tabuliformis,117.892242,42.119911,,,
Pinus tabuliformis,117.94532,36.565622,,,
Pinus tabuliformis,117.952591,41.01659,,,
Pinus tabuliformis,118.05772,30.281787,,,
Pinus tabuliformis,118.152123,36.236797,,,
Pinus tabuliformis,118.171783,40.764874,,,
Pinus tabuliformis,118.177483,39.605492,,,
Pinus tabuliformis,118.262169,34.921291,,,
Pinus tabuliformis,118.437912,35.647503,,,
Pinus tabuliformis,118.4505,41.00174,,,
Pinus tabuliformis,118.45211,36.85462,,,
Pinus tabuliformis,118.483432,39.286035,,,
Pinus tabuliformis,118.496475,39.554354,,,
Pinus tabuliformis,118.543,36.51231,,,
Pinus tabuliformis,118.691437,42.338772,,,
Pinus tabuliformis,118.70065,41.01797,,,
Pinus tabuliformis,118.712307,41.015973,,,
Pinus tabuliformis,118.83687,35.57997,,,
Pinus tabuliformis,119.006312,42.277342,,,
Pinus tabuliformis,119.170181,41.57085,,,
Pinus tabuliformis,119.177628,35.572449,,,
Pinus tabuliformis,119.24444,39.87634,,,
Pinus tabuliformis,119.39862,36.85884,,,
Pinus tabuliformis,119.48458,39.83507,,,
Pinus tabuliformis,119.74048,41.12738,,,
Pinus tabuliformis,120.108078,36.570232,,,
Pinus tabuliformis,120.200111,36.342112,,,
Pinus tabuliformis,120.44715,36.38932,,,
Pinus tabuliformis,120.46803,36.10811,,,
Pinus tabuliformis,120.49118,37.547027,,,
Pinus tabuliformis,120.626342,37.738585,,,
Pinus tabuliformis,120.683441,37.063396,,,
Pinus tabuliformis,120.84956,37.33592,,,
Pinus tabuliformis,121.358429,38.895691,,,
Pinus tabuliformis,121.578266,42.00025,,,
Pinus tabuliformis,121.719782,41.608548,,,
Pinus tabuliformis,121.80999,39.017335,,,
Pinus tabuliformis,121.851891,41.93792,,,
Pinus tabuliformis,122.038579,46.080082,,,
Pinus tabuliformis,122.080421,37.447061,,,
Pinus tabuliformis,122.25615,43.62244,,,
Pinus tabuliformis,122.95412,41.06462,,,
Pinus tabuliformis,123.726105,42.025501,,,
Pinus tabuliformis,123.81895,41.31877,,,
Pinus tabuliformis,123.816945,41.308756,,,
Pinus tabuliformis,123.821495,41.30977,,,
Pinus tabuliformis,123.868179,42.283131,,,
Pinus tabuliformis,124.038091,42.546315,,,
Pinus tabuliformis,124.078857,40.453461,,,
Pinus tabuliformis,124.742889,40.767542,,,
Pinus tabuliformis,125.117233,41.372044,,,
Pinus tabuliformis,126.064583,42.946033,,,
Pinus tabuliformis,126.395651,41.955983,,,
Pinus tabuliformis,126.615715,43.878098,,,
Pinus tabuliformis,128.215967,41.525298,,,
Pinus tabuliformis,129.503845,42.910789,,,
Pinus tabuliformis,129.769478,43.285578,,,
Pinus tabuliformis,88.024564,44.1537,,,
Pinus tabuliformis,81.27725,43.9095,,,
Pinus tabuliformis,86.07893,44.30653,,,
Pinus tabuliformis,88.31104,43.36378,,,
Pinus tabuliformis,82.792625,43.993308,,,
Pinus tabuliformis,83.540039,44.496995,,,
Pinus tabuliformis,85.380249,44.74338,,,
Pinus tabuliformis,86.511841,44.602752,,,
Pinus tabuliformis,87.676048,42.75155,,,
Pinus tabuliformis,89.522438,43.425497,,,
